,Unnamed: 0,timestamp,timestampms,tid,price,amount,exchange,type,date,hour
0,0,1618445332,1618445332218,33782995482,63175.01,0.00147296,gemini,buy,2021-04-14T19:08:52,19
1,1,1618445331,1618445331211,33782991444,63177.22,0.00147241,gemini,buy,2021-04-14T19:08:51,19
2,2,1618445328,1618445328470,33782986809,63183.31,0.00041369999999999997,gemini,buy,2021-04-14T19:08:48,19
3,3,1618445325,1618445325741,33782980488,63191.72,0.01550714,gemini,buy,2021-04-14T19:08:45,19
4,4,1618445325,1618445325023,33782978494,63209.41,0.05361013,gemini,buy,2021-04-14T19:08:45,19
5,5,1618445325,1618445325023,33782978492,63199.0,0.0182,gemini,buy,2021-04-14T19:08:45,19
6,6,1618445325,1618445325023,33782978490,63195.62,0.09098579,gemini,buy,2021-04-14T19:08:45,19
7,7,1618445325,1618445325023,33782978488,63192.08,2.909e-05,gemini,buy,2021-04-14T19:08:45,19
8,8,1618445312,1618445312538,33782941753,63227.03,0.00024948,gemini,buy,2021-04-14T19:08:32,19
9,9,1618445312,1618445312538,33782941751,63200.28,0.00027,gemini,buy,2021-04-14T19:08:32,19
10,10,1618445311,1618445311955,33782938653,63200.28,0.00013634,gemini,buy,2021-04-14T19:08:31,19
11,11,1618445311,1618445311910,33782938481,63190.69,0.02,gemini,sell,2021-04-14T19:08:31,19
12,12,1618445307,1618445307831,33782924951,63203.55,0.00027887,gemini,buy,2021-04-14T19:08:27,19
13,13,1618445307,1618445307831,33782924949,63203.54,1.253e-05,gemini,buy,2021-04-14T19:08:27,19
14,14,1618445304,1618445304549,33782915693,63218.76,0.00149761,gemini,buy,2021-04-14T19:08:24,19
15,15,1618445304,1618445304549,33782915691,63218.75,2.926e-05,gemini,buy,2021-04-14T19:08:24,19
16,16,1618445301,1618445301109,33782904177,63225.33,0.00152671,gemini,buy,2021-04-14T19:08:21,19
17,17,1618445299,1618445299835,33782901357,63237.06,1.994e-05,gemini,buy,2021-04-14T19:08:19,19
18,18,1618445298,1618445298425,33782896490,63240.32,0.00027551,gemini,buy,2021-04-14T19:08:18,19
19,19,1618445298,1618445298425,33782896488,63240.31,9.439e-05,gemini,buy,2021-04-14T19:08:18,19
20,20,1618445292,1618445292507,33782879071,63250.0,2.05e-06,gemini,sell,2021-04-14T19:08:12,19
21,21,1618445284,1618445284688,33782857167,63250.01,0.00309875,gemini,buy,2021-04-14T19:08:04,19
22,22,1618445281,1618445281450,33782844375,63250.0,0.00316,gemini,sell,2021-04-14T19:08:01,19
23,23,1618445275,1618445275669,33782830021,63289.48,0.015745305600000002,gemini,buy,2021-04-14T19:07:55,19
24,24,1618445275,1618445275078,33782828538,63289.48,0.0007547999999999999,gemini,buy,2021-04-14T19:07:55,19
25,25,1618445272,1618445272874,33782822746,63272.17,0.00077146,gemini,buy,2021-04-14T19:07:52,19
26,26,1618445272,1618445272874,33782822744,63271.98,1.804e-05,gemini,buy,2021-04-14T19:07:52,19
27,27,1618445270,1618445270573,33782814886,63291.33,0.007738600000000001,gemini,buy,2021-04-14T19:07:50,19
28,28,1618445265,1618445265469,33782797070,63277.03,0.00158798,gemini,buy,2021-04-14T19:07:45,19
29,29,1618445265,1618445265469,33782797068,63277.02,0.00076887,gemini,buy,2021-04-14T19:07:45,19
30,30,1618445262,1618445262360,33782786299,63296.94,0.00081692,gemini,sell,2021-04-14T19:07:42,19
31,31,1618445261,1618445261324,33782783946,63315.34,0.0012515,gemini,buy,2021-04-14T19:07:41,19
32,32,1618445261,1618445261324,33782783944,63302.34,1.662e-05,gemini,buy,2021-04-14T19:07:41,19
33,33,1618445251,1618445251305,33782755502,63321.27,0.00337546,gemini,buy,2021-04-14T19:07:31,19
34,34,1618445243,1618445243381,33782734623,63321.32,0.00409,gemini,buy,2021-04-14T19:07:23,19
35,35,1618445236,1618445236704,33782716837,63335.92,0.0007859013000000001,gemini,buy,2021-04-14T19:07:16,19
36,36,1618445236,1618445236037,33782714679,63351.2,0.00258557,gemini,buy,2021-04-14T19:07:16,19
37,37,1618445232,1618445232792,33782706744,63330.92,0.00029082,gemini,buy,2021-04-14T19:07:12,19
38,38,1618445225,1618445225712,33782686178,63335.85,1.62e-06,gemini,sell,2021-04-14T19:07:05,19
39,39,1618445225,1618445225656,33782685953,63335.85,0.03963,gemini,sell,2021-04-14T19:07:05,19
40,40,1618445224,1618445224677,33782684561,63335.85,1e-05,gemini,sell,2021-04-14T19:07:04,19
41,41,1618445223,1618445223927,33782681236,63356.06,0.02101633,gemini,buy,2021-04-14T19:07:03,19
42,42,1618445219,1618445219035,33782662678,63306.46,0.00152476,gemini,buy,2021-04-14T19:06:59,19
43,43,1618445217,1618445217836,33782658112,63330.19,0.052489999999999995,gemini,sell,2021-04-14T19:06:57,19
44,44,1618445217,1618445217836,33782658106,63330.19,0.06,gemini,sell,2021-04-14T19:06:57,19
45,45,1618445217,1618445217836,33782658100,63330.19,0.01,gemini,sell,2021-04-14T19:06:57,19
46,46,1618445217,1618445217835,33782658094,63330.19,0.11,gemini,sell,2021-04-14T19:06:57,19
47,47,1618445217,1618445217835,33782658082,63330.19,0.05,gemini,sell,2021-04-14T19:06:57,19
48,48,1618445217,1618445217835,33782658072,63330.19,0.08,gemini,sell,2021-04-14T19:06:57,19
49,49,1618445217,1618445217834,33782658066,63330.19,0.01,gemini,sell,2021-04-14T19:06:57,19
50,50,1618445217,1618445217834,33782658055,63330.19,0.02,gemini,sell,2021-04-14T19:06:57,19
51,51,1618445217,1618445217833,33782658039,63330.19,0.03,gemini,sell,2021-04-14T19:06:57,19
52,52,1618445217,1618445217833,33782658028,63330.19,0.01,gemini,sell,2021-04-14T19:06:57,19
53,53,1618445217,1618445217833,33782658015,63330.19,0.01,gemini,sell,2021-04-14T19:06:57,19
54,54,1618445217,1618445217832,33782658009,63330.19,0.14751,gemini,sell,2021-04-14T19:06:57,19
55,55,1618445217,1618445217791,33782657914,63330.19,0.26,gemini,sell,2021-04-14T19:06:57,19
56,56,1618445217,1618445217790,33782657908,63330.19,0.05,gemini,sell,2021-04-14T19:06:57,19
57,57,1618445217,1618445217789,33782657902,63330.19,0.1,gemini,sell,2021-04-14T19:06:57,19
58,58,1618445191,1618445191983,33782574086,63330.19,0.00072652,gemini,buy,2021-04-14T19:06:31,19
59,59,1618445182,1618445182877,33782541445,63367.26,0.02,gemini,sell,2021-04-14T19:06:22,19
60,60,1618445179,1618445179343,33782526459,63345.0,5.9999999999999995e-05,gemini,buy,2021-04-14T19:06:19,19
61,61,1618445178,1618445178216,33782521446,63345.0,0.1616,gemini,buy,2021-04-14T19:06:18,19
62,62,1618445177,1618445177844,33782519495,63338.0,6.517e-05,gemini,buy,2021-04-14T19:06:17,19
63,63,1618445176,1618445176754,33782515615,63338.0,0.0003,gemini,buy,2021-04-14T19:06:16,19
64,64,1618445176,1618445176306,33782512831,63338.0,0.18657483,gemini,buy,2021-04-14T19:06:16,19
65,65,1618445176,1618445176306,33782512829,63334.0,0.00032517,gemini,buy,2021-04-14T19:06:16,19
66,66,1618445176,1618445176305,33782512819,63334.0,0.13275483,gemini,buy,2021-04-14T19:06:16,19
67,67,1618445176,1618445176305,33782512817,63330.0,0.00024517,gemini,buy,2021-04-14T19:06:16,19
68,68,1618445176,1618445176281,33782512681,63330.0,0.02377483,gemini,buy,2021-04-14T19:06:16,19
69,69,1618445176,1618445176281,33782512679,63327.0,0.00022517,gemini,buy,2021-04-14T19:06:16,19
70,70,1618445176,1618445176269,33782512551,63327.0,0.01085483,gemini,buy,2021-04-14T19:06:16,19
71,71,1618445176,1618445176269,33782512549,63325.0,0.00014517,gemini,buy,2021-04-14T19:06:16,19
72,72,1618445176,1618445176266,33782512509,63325.0,0.03189483,gemini,buy,2021-04-14T19:06:16,19
73,73,1618445176,1618445176266,33782512507,63325.0,0.03244,gemini,buy,2021-04-14T19:06:16,19
74,74,1618445176,1618445176266,33782512505,63324.0,6.517e-05,gemini,buy,2021-04-14T19:06:16,19
75,75,1618445176,1618445176266,33782512495,63324.0,0.0294,gemini,buy,2021-04-14T19:06:16,19
76,76,1618445174,1618445174419,33782502915,63321.01,0.02,gemini,sell,2021-04-14T19:06:14,19
77,77,1618445172,1618445172083,33782496294,63324.0,0.00218483,gemini,buy,2021-04-14T19:06:12,19
78,78,1618445172,1618445172083,33782496292,63300.0,9.72e-06,gemini,buy,2021-04-14T19:06:12,19
79,79,1618445168,1618445168139,33782484237,63300.0,0.00292,gemini,buy,2021-04-14T19:06:08,19
80,80,1618445168,1618445168124,33782484196,63300.0,0.00054529,gemini,buy,2021-04-14T19:06:08,19
81,81,1618445162,1618445162511,33782463066,63300.0,0.00152499,gemini,buy,2021-04-14T19:06:02,19
82,82,1618445159,1618445159297,33782452181,63269.5,0.07502634,gemini,buy,2021-04-14T19:05:59,19
83,83,1618445159,1618445159297,33782452179,63269.49,0.00244122,gemini,buy,2021-04-14T19:05:59,19
84,84,1618445153,1618445153196,33782432625,63265.09,0.00061599,gemini,buy,2021-04-14T19:05:53,19
85,85,1618445151,1618445151487,33782428931,63265.08,0.00036972,gemini,buy,2021-04-14T19:05:51,19
86,86,1618445149,1618445149398,33782424631,63271.27,1.066e-05,gemini,buy,2021-04-14T19:05:49,19
87,87,1618445143,1618445143027,33782402953,63246.56,0.00072795,gemini,buy,2021-04-14T19:05:43,19
88,88,1618445132,1618445132161,33782368186,63213.8,0.00172935,gemini,buy,2021-04-14T19:05:32,19
89,89,1618445131,1618445131058,33782364709,63231.81,0.00036995,gemini,buy,2021-04-14T19:05:31,19
90,90,1618445129,1618445129840,33782361039,63238.24,6.042e-05,gemini,buy,2021-04-14T19:05:29,19
91,91,1618445109,1618445109133,33782291113,63251.02,0.00318169,gemini,sell,2021-04-14T19:05:09,19
92,92,1618445105,1618445105816,33782280685,63276.12,0.1828661945,gemini,buy,2021-04-14T19:05:05,19
93,93,1618445105,1618445105816,33782280683,63276.11,0.021866,gemini,buy,2021-04-14T19:05:05,19
94,94,1618445099,1618445099038,33782259435,63194.15,0.72462972,gemini,sell,2021-04-14T19:04:59,19
95,95,1618445099,1618445099038,33782259433,63194.16,0.02470944,gemini,sell,2021-04-14T19:04:59,19
96,96,1618445088,1618445088430,33782226915,63212.78,0.00155642,gemini,sell,2021-04-14T19:04:48,19
97,97,1618445072,1618445072480,33782173855,63290.06,7.58e-06,gemini,sell,2021-04-14T19:04:32,19
98,98,1618445070,1618445070069,33782166313,63290.81,0.0078547,gemini,buy,2021-04-14T19:04:30,19
99,99,1618445068,1618445068637,33782162007,63301.05,0.00290281,gemini,buy,2021-04-14T19:04:28,19
100,100,1618445068,1618445068637,33782162005,63301.04,0.00015664,gemini,buy,2021-04-14T19:04:28,19
101,101,1618445068,1618445068637,33782162003,63290.07,3.778e-05,gemini,buy,2021-04-14T19:04:28,19
102,102,1618445052,1618445052570,33782110420,63290.06,0.00967,gemini,sell,2021-04-14T19:04:12,19
103,103,1618445052,1618445052568,33782110407,63290.06,0.01,gemini,sell,2021-04-14T19:04:12,19
104,104,1618445052,1618445052568,33782110401,63290.06,0.04,gemini,sell,2021-04-14T19:04:12,19
105,105,1618445047,1618445047207,33782089126,63303.23,0.00126961,gemini,buy,2021-04-14T19:04:07,19
106,106,1618445036,1618445036802,33782047428,63320.9,7e-05,gemini,sell,2021-04-14T19:03:56,19
107,107,1618445036,1618445036802,33782047426,63320.9,0.02,gemini,sell,2021-04-14T19:03:56,19
108,108,1618445033,1618445033973,33782039227,63324.0,1e-05,gemini,buy,2021-04-14T19:03:53,19
109,109,1618445028,1618445028922,33782025166,63314.89,0.00027986,gemini,buy,2021-04-14T19:03:48,19
110,110,1618445028,1618445028410,33782023421,63314.9,0.01786405,gemini,buy,2021-04-14T19:03:48,19
111,111,1618445023,1618445023664,33782010652,63320.63,0.00152516,gemini,buy,2021-04-14T19:03:43,19
112,112,1618445021,1618445021814,33782003933,63307.13,1.56e-06,gemini,buy,2021-04-14T19:03:41,19
113,113,1618445021,1618445021814,33782003931,63289.99,0.01343844,gemini,buy,2021-04-14T19:03:41,19
114,114,1618445021,1618445021328,33782002932,63289.98,0.02618021,gemini,sell,2021-04-14T19:03:41,19
115,115,1618445021,1618445021328,33782002930,63289.98,2.075e-05,gemini,sell,2021-04-14T19:03:41,19
116,116,1618445021,1618445021328,33782002928,63289.98,0.02,gemini,sell,2021-04-14T19:03:41,19
117,117,1618445020,1618445020816,33782001738,63289.99,0.00883,gemini,buy,2021-04-14T19:03:40,19
118,118,1618445019,1618445019811,33781999768,63289.99,0.0171,gemini,buy,2021-04-14T19:03:39,19
119,119,1618445018,1618445018816,33781995677,63289.99,0.0171,gemini,buy,2021-04-14T19:03:38,19
120,120,1618445017,1618445017813,33781993077,63289.99,0.02277,gemini,buy,2021-04-14T19:03:37,19
121,121,1618445017,1618445017481,33781992016,63277.88,8.329e-05,gemini,sell,2021-04-14T19:03:37,19
122,122,1618445016,1618445016871,33781990592,63277.88,0.0003887,gemini,sell,2021-04-14T19:03:36,19
123,123,1618445015,1618445015858,33781987717,63277.34,0.00044311,gemini,sell,2021-04-14T19:03:35,19
124,124,1618445014,1618445014418,33781983404,63310.17,0.0619246058,gemini,buy,2021-04-14T19:03:34,19
125,125,1618445014,1618445014418,33781983402,63310.17,0.3,gemini,buy,2021-04-14T19:03:34,19
126,126,1618445014,1618445014418,33781983400,63288.84,0.02665,gemini,buy,2021-04-14T19:03:34,19
127,127,1618445014,1618445014418,33781983398,63288.24,0.02665,gemini,buy,2021-04-14T19:03:34,19
128,128,1618445014,1618445014418,33781983396,63287.74,0.026660000000000003,gemini,buy,2021-04-14T19:03:34,19
129,129,1618445014,1618445014418,33781983394,63287.34,0.02665,gemini,buy,2021-04-14T19:03:34,19
130,130,1618445014,1618445014418,33781983392,63274.25,0.00410345,gemini,buy,2021-04-14T19:03:34,19
131,131,1618445001,1618445001221,33781939794,63289.32,0.0015627345,gemini,buy,2021-04-14T19:03:21,19
132,132,1618445001,1618445001221,33781939792,63289.31,1.18e-05,gemini,buy,2021-04-14T19:03:21,19
133,133,1618444998,1618444998950,33781932068,63289.77,0.0017547,gemini,buy,2021-04-14T19:03:18,19
134,134,1618444997,1618444997441,33781926338,63288.73,0.00014169,gemini,buy,2021-04-14T19:03:17,19
135,135,1618444991,1618444991988,33781907871,63303.97,0.01574957,gemini,buy,2021-04-14T19:03:11,19
136,136,1618444986,1618444986350,33781881865,63291.16,3.533e-05,gemini,buy,2021-04-14T19:03:06,19
137,137,1618444980,1618444980031,33781851686,63323.55,0.14558419,gemini,buy,2021-04-14T19:03:00,19
138,138,1618444980,1618444980031,33781851684,63323.54,0.2,gemini,buy,2021-04-14T19:03:00,19
139,139,1618444980,1618444980031,33781851682,63303.0,0.02984,gemini,buy,2021-04-14T19:03:00,19
140,140,1618444980,1618444980031,33781851680,63300.93,0.02665,gemini,buy,2021-04-14T19:03:00,19
141,141,1618444980,1618444980031,33781851678,63300.43,0.02665,gemini,buy,2021-04-14T19:03:00,19
142,142,1618444980,1618444980031,33781851676,63299.93,0.02665,gemini,buy,2021-04-14T19:03:00,19
143,143,1618444980,1618444980031,33781851674,63294.0,0.01401,gemini,buy,2021-04-14T19:03:00,19
144,144,1618444980,1618444980031,33781851672,63294.0,0.027780000000000003,gemini,buy,2021-04-14T19:03:00,19
145,145,1618444980,1618444980031,33781851670,63289.0,0.0171,gemini,buy,2021-04-14T19:03:00,19
146,146,1618444980,1618444980031,33781851668,63289.0,0.01816,gemini,buy,2021-04-14T19:03:00,19
147,147,1618444980,1618444980031,33781851666,63289.0,0.00922482,gemini,buy,2021-04-14T19:03:00,19
148,148,1618444979,1618444979419,33781849290,63270.0,4.97e-06,gemini,buy,2021-04-14T19:02:59,19
149,149,1618444979,1618444979407,33781849230,63270.0,0.01295,gemini,buy,2021-04-14T19:02:59,19
150,150,1618444969,1618444969886,33781812842,63270.0,0.00075503,gemini,buy,2021-04-14T19:02:49,19
151,151,1618444963,1618444963617,33781787826,63259.0,0.01353,gemini,buy,2021-04-14T19:02:43,19
152,152,1618444963,1618444963617,33781787824,63259.0,0.013569999999999999,gemini,buy,2021-04-14T19:02:43,19
153,153,1618444963,1618444963474,33781786946,63253.0,0.013330000000000002,gemini,buy,2021-04-14T19:02:43,19
154,154,1618444963,1618444963474,33781786944,63253.0,0.013280000000000002,gemini,buy,2021-04-14T19:02:43,19
155,155,1618444963,1618444963474,33781786942,63253.0,0.0033399999999999997,gemini,buy,2021-04-14T19:02:43,19
156,156,1618444963,1618444963446,33781786823,63253.0,0.01,gemini,buy,2021-04-14T19:02:43,19
157,157,1618444963,1618444963319,33781786063,63250.0,7.04e-06,gemini,buy,2021-04-14T19:02:43,19
158,158,1618444963,1618444963228,33781785462,63250.0,9e-05,gemini,buy,2021-04-14T19:02:43,19
159,159,1618444963,1618444963227,33781785453,63250.0,0.01308296,gemini,buy,2021-04-14T19:02:43,19
160,160,1618444963,1618444963227,33781785451,63250.0,0.01251704,gemini,buy,2021-04-14T19:02:43,19
161,161,1618444963,1618444963196,33781785281,63249.0,0.00313,gemini,buy,2021-04-14T19:02:43,19
162,162,1618444962,1618444962235,33781781128,63250.0,0.00074296,gemini,buy,2021-04-14T19:02:42,19
163,163,1618444960,1618444960781,33781774640,63289.0,0.00923518,gemini,buy,2021-04-14T19:02:40,19
164,164,1618444960,1618444960781,33781774638,63289.0,0.02553,gemini,buy,2021-04-14T19:02:40,19
165,165,1618444960,1618444960781,33781774636,63289.0,0.012790000000000001,gemini,buy,2021-04-14T19:02:40,19
166,166,1618444960,1618444960781,33781774634,63289.0,0.026369999999999998,gemini,buy,2021-04-14T19:02:40,19
167,167,1618444960,1618444960781,33781774632,63281.0,0.01641,gemini,buy,2021-04-14T19:02:40,19
168,168,1618444960,1618444960781,33781774630,63279.75,0.09689955,gemini,buy,2021-04-14T19:02:40,19
169,169,1618444960,1618444960781,33781774628,63277.0,0.016280000000000003,gemini,buy,2021-04-14T19:02:40,19
170,170,1618444960,1618444960781,33781774626,63275.0,0.00038042,gemini,buy,2021-04-14T19:02:40,19
171,171,1618444960,1618444960781,33781774624,63274.0,0.01427,gemini,buy,2021-04-14T19:02:40,19
172,172,1618444960,1618444960781,33781774622,63274.0,0.014419999999999999,gemini,buy,2021-04-14T19:02:40,19
173,173,1618444960,1618444960781,33781774620,63274.0,0.01468,gemini,buy,2021-04-14T19:02:40,19
174,174,1618444960,1618444960781,33781774618,63274.0,0.01484,gemini,buy,2021-04-14T19:02:40,19
175,175,1618444960,1618444960781,33781774616,63274.0,0.01515,gemini,buy,2021-04-14T19:02:40,19
176,176,1618444960,1618444960781,33781774614,63274.0,0.01518,gemini,buy,2021-04-14T19:02:40,19
177,177,1618444960,1618444960781,33781774612,63274.0,0.01711,gemini,buy,2021-04-14T19:02:40,19
178,178,1618444960,1618444960781,33781774610,63273.99,4.035e-05,gemini,buy,2021-04-14T19:02:40,19
179,179,1618444958,1618444958369,33781762950,63275.0,0.01562958,gemini,buy,2021-04-14T19:02:38,19
180,180,1618444955,1618444955669,33781753439,63288.99,0.015609999999999999,gemini,sell,2021-04-14T19:02:35,19
181,181,1618444955,1618444955661,33781753374,63287.0,0.00572094,gemini,buy,2021-04-14T19:02:35,19
182,182,1618444955,1618444955554,33781752918,63287.0,0.01465906,gemini,buy,2021-04-14T19:02:35,19
183,183,1618444955,1618444955554,33781752916,63287.0,0.02045,gemini,buy,2021-04-14T19:02:35,19
184,184,1618444955,1618444955554,33781752914,63287.0,0.02094,gemini,buy,2021-04-14T19:02:35,19
185,185,1618444955,1618444955554,33781752912,63287.0,0.02171,gemini,buy,2021-04-14T19:02:35,19
186,186,1618444955,1618444955554,33781752910,63287.0,0.00120008,gemini,buy,2021-04-14T19:02:35,19
187,187,1618444955,1618444955212,33781752198,63287.0,0.02063992,gemini,buy,2021-04-14T19:02:35,19
188,188,1618444955,1618444955212,33781752196,63287.0,0.02191,gemini,buy,2021-04-14T19:02:35,19
189,189,1618444955,1618444955212,33781752194,63287.0,0.02295,gemini,buy,2021-04-14T19:02:35,19
190,190,1618444955,1618444955212,33781752192,63287.0,0.013459299999999999,gemini,buy,2021-04-14T19:02:35,19
191,191,1618444955,1618444955106,33781751899,63287.0,0.008850700000000001,gemini,buy,2021-04-14T19:02:35,19
192,192,1618444955,1618444955106,33781751897,63287.0,0.02198852,gemini,buy,2021-04-14T19:02:35,19
193,193,1618444955,1618444955106,33781751895,63287.0,0.02361,gemini,buy,2021-04-14T19:02:35,19
194,194,1618444955,1618444955106,33781751893,63287.0,0.02451,gemini,buy,2021-04-14T19:02:35,19
195,195,1618444952,1618444952453,33781741036,63311.7,0.05677000000000001,gemini,sell,2021-04-14T19:02:32,19
196,196,1618444952,1618444952450,33781741005,63311.7,0.03,gemini,sell,2021-04-14T19:02:32,19
197,197,1618444952,1618444952449,33781740997,63314.71,0.02,gemini,sell,2021-04-14T19:02:32,19
198,198,1618444952,1618444952442,33781740977,63311.7,0.14999799,gemini,sell,2021-04-14T19:02:32,19
199,199,1618444952,1618444952442,33781740975,63314.7,2.01e-06,gemini,sell,2021-04-14T19:02:32,19
200,200,1618444952,1618444952442,33781740969,63314.7,0.19732,gemini,sell,2021-04-14T19:02:32,19
201,201,1618444952,1618444952441,33781740956,63314.71,0.02,gemini,sell,2021-04-14T19:02:32,19
202,202,1618444952,1618444952430,33781740886,63323.26,0.02,gemini,sell,2021-04-14T19:02:32,19
203,203,1618444951,1618444951794,33781738999,63323.25,0.02192,gemini,sell,2021-04-14T19:02:31,19
204,204,1618444951,1618444951794,33781738997,63323.26,0.02,gemini,sell,2021-04-14T19:02:31,19
205,205,1618444951,1618444951722,33781738598,63330.0,0.06713999999999999,gemini,buy,2021-04-14T19:02:31,19
206,206,1618444951,1618444951722,33781738596,63328.0,0.06473,gemini,buy,2021-04-14T19:02:31,19
207,207,1618444951,1618444951722,33781738594,63328.0,0.06732,gemini,buy,2021-04-14T19:02:31,19
208,208,1618444951,1618444951722,33781738592,63328.0,0.07055,gemini,buy,2021-04-14T19:02:31,19
209,209,1618444951,1618444951722,33781738590,63328.0,0.07019,gemini,buy,2021-04-14T19:02:31,19
210,210,1618444951,1618444951722,33781738588,63328.0,0.07200000000000001,gemini,buy,2021-04-14T19:02:31,19
211,211,1618444951,1618444951722,33781738586,63328.0,0.07779,gemini,buy,2021-04-14T19:02:31,19
212,212,1618444951,1618444951722,33781738584,63327.0,0.00028,gemini,buy,2021-04-14T19:02:31,19
213,213,1618444951,1618444951651,33781738189,63327.0,0.01,gemini,buy,2021-04-14T19:02:31,19
214,214,1618444951,1618444951537,33781737658,63320.0,0.03283088,gemini,buy,2021-04-14T19:02:31,19
215,215,1618444951,1618444951534,33781737634,63320.0,0.01696912,gemini,buy,2021-04-14T19:02:31,19
216,216,1618444951,1618444951534,33781737632,63317.0,0.02517067,gemini,buy,2021-04-14T19:02:31,19
217,217,1618444951,1618444951521,33781737519,63317.0,0.01923933,gemini,buy,2021-04-14T19:02:31,19
218,218,1618444951,1618444951521,33781737517,63317.0,0.01956933,gemini,buy,2021-04-14T19:02:31,19
219,219,1618444951,1618444951513,33781737465,63317.0,0.02517067,gemini,buy,2021-04-14T19:02:31,19
220,220,1618444950,1618444950363,33781731842,63327.0,0.02,gemini,sell,2021-04-14T19:02:30,19
221,221,1618444944,1618444944813,33781707655,63329.33,0.02,gemini,sell,2021-04-14T19:02:24,19
222,222,1618444942,1618444942127,33781693673,63339.25,1.04811386,gemini,buy,2021-04-14T19:02:22,19
223,223,1618444940,1618444940473,33781683140,63328.68,0.02,gemini,sell,2021-04-14T19:02:20,19
224,224,1618444925,1618444925377,33781607577,63346.69,0.19152885,gemini,buy,2021-04-14T19:02:05,19
225,225,1618444925,1618444925377,33781607575,63346.68,0.02029945,gemini,buy,2021-04-14T19:02:05,19
226,226,1618444925,1618444925377,33781607573,63346.67,0.02,gemini,buy,2021-04-14T19:02:05,19
227,227,1618444922,1618444922016,33781590940,63380.0,0.00081652,gemini,buy,2021-04-14T19:02:02,19
228,228,1618444920,1618444920936,33781586198,63379.96,0.027110000000000002,gemini,buy,2021-04-14T19:02:00,19
229,229,1618444919,1618444919947,33781582124,63380.0,0.00784,gemini,buy,2021-04-14T19:01:59,19
230,230,1618444918,1618444918947,33781579816,63380.0,0.0572,gemini,buy,2021-04-14T19:01:58,19
231,231,1618444918,1618444918582,33781578337,63369.98,0.01577863,gemini,buy,2021-04-14T19:01:58,19
232,232,1618444912,1618444912933,33781558694,63342.52,0.02,gemini,buy,2021-04-14T19:01:52,19
233,233,1618444907,1618444907934,33781539738,63347.28,0.00603,gemini,buy,2021-04-14T19:01:47,19
234,234,1618444907,1618444907056,33781537616,63379.88,0.00027964,gemini,buy,2021-04-14T19:01:47,19
235,235,1618444905,1618444905573,33781532726,63356.18,0.030932400000000002,gemini,buy,2021-04-14T19:01:45,19
236,236,1618444905,1618444905458,33781532091,63363.02,2.9999999999999997e-05,gemini,sell,2021-04-14T19:01:45,19
237,237,1618444902,1618444902934,33781523221,63376.84,0.0298,gemini,buy,2021-04-14T19:01:42,19
238,238,1618444901,1618444901846,33781518998,63376.83,0.01160198,gemini,buy,2021-04-14T19:01:41,19
239,239,1618444900,1618444900933,33781516830,63378.65,0.022019999999999998,gemini,buy,2021-04-14T19:01:40,19
240,240,1618444900,1618444900933,33781516828,63371.09,0.013000000000000001,gemini,buy,2021-04-14T19:01:40,19
241,241,1618444896,1618444896041,33781497346,63345.9,0.007540000000000001,gemini,sell,2021-04-14T19:01:36,19
242,242,1618444892,1618444892941,33781487635,63363.68,0.02120821,gemini,buy,2021-04-14T19:01:32,19
243,243,1618444892,1618444892941,33781487633,63350.0,1.79e-06,gemini,buy,2021-04-14T19:01:32,19
244,244,1618444890,1618444890537,33781478835,63350.0,0.01578353,gemini,buy,2021-04-14T19:01:30,19
245,245,1618444890,1618444890537,33781478833,63335.0,1.79e-06,gemini,buy,2021-04-14T19:01:30,19
246,246,1618444889,1618444889091,33781473111,63321.83,0.00171376,gemini,sell,2021-04-14T19:01:29,19
247,247,1618444888,1618444888759,33781471474,63335.0,0.00976,gemini,buy,2021-04-14T19:01:28,19
248,248,1618444888,1618444888758,33781471468,63335.0,0.02,gemini,buy,2021-04-14T19:01:28,19
249,249,1618444888,1618444888756,33781471447,63335.0,0.02,gemini,buy,2021-04-14T19:01:28,19
250,250,1618444888,1618444888756,33781471436,63335.0,0.06,gemini,buy,2021-04-14T19:01:28,19
251,251,1618444888,1618444888755,33781471428,63335.0,0.2,gemini,buy,2021-04-14T19:01:28,19
252,252,1618444888,1618444888720,33781471230,63335.0,0.08,gemini,buy,2021-04-14T19:01:28,19
253,253,1618444888,1618444888469,33781470099,63335.0,0.01,gemini,buy,2021-04-14T19:01:28,19
254,254,1618444888,1618444888468,33781470090,63335.0,0.02,gemini,buy,2021-04-14T19:01:28,19
255,255,1618444888,1618444888468,33781470080,63335.0,0.04,gemini,buy,2021-04-14T19:01:28,19
256,256,1618444888,1618444888466,33781470068,63335.0,0.04,gemini,buy,2021-04-14T19:01:28,19
257,257,1618444888,1618444888421,33781469843,63335.0,0.02,gemini,buy,2021-04-14T19:01:28,19
258,258,1618444888,1618444888404,33781469755,63335.0,0.13,gemini,buy,2021-04-14T19:01:28,19
259,259,1618444888,1618444888404,33781469749,63335.0,0.04,gemini,buy,2021-04-14T19:01:28,19
260,260,1618444888,1618444888404,33781469743,63335.0,0.07,gemini,buy,2021-04-14T19:01:28,19
261,261,1618444888,1618444888403,33781469737,63335.0,0.17,gemini,buy,2021-04-14T19:01:28,19
262,262,1618444888,1618444888402,33781469728,63335.0,0.05,gemini,buy,2021-04-14T19:01:28,19
263,263,1618444888,1618444888402,33781469720,63335.0,0.02,gemini,buy,2021-04-14T19:01:28,19
264,264,1618444888,1618444888402,33781469712,63335.0,0.02,gemini,buy,2021-04-14T19:01:28,19
265,265,1618444888,1618444888401,33781469704,63335.0,0.436138,gemini,buy,2021-04-14T19:01:28,19
266,266,1618444888,1618444888401,33781469702,63334.99,2e-06,gemini,buy,2021-04-14T19:01:28,19
267,267,1618444888,1618444888401,33781469696,63334.99,0.02947,gemini,buy,2021-04-14T19:01:28,19
268,268,1618444883,1618444883772,33781454006,63335.0,0.04,gemini,buy,2021-04-14T19:01:23,19
269,269,1618444883,1618444883771,33781453997,63335.0,0.37,gemini,buy,2021-04-14T19:01:23,19
270,270,1618444883,1618444883601,33781453138,63335.0,0.08,gemini,buy,2021-04-14T19:01:23,19
271,271,1618444883,1618444883568,33781453059,63335.0,0.01000021,gemini,buy,2021-04-14T19:01:23,19
272,272,1618444883,1618444883174,33781450945,63335.0,3.0441,gemini,buy,2021-04-14T19:01:23,19
273,273,1618444880,1618444880496,33781444842,63326.4,0.01388161,gemini,buy,2021-04-14T19:01:20,19
274,274,1618444880,1618444880496,33781444840,63314.27,5.8099999999999996e-05,gemini,buy,2021-04-14T19:01:20,19
275,275,1618444875,1618444875156,33781424145,63311.85,0.00309566,gemini,buy,2021-04-14T19:01:15,19
276,276,1618444869,1618444869413,33781402143,63260.99,0.0078761983,gemini,buy,2021-04-14T19:01:09,19
277,277,1618444865,1618444865432,33781391436,63281.74,0.00027984,gemini,buy,2021-04-14T19:01:05,19
278,278,1618444858,1618444858390,33781369635,63292.99,0.00184892,gemini,buy,2021-04-14T19:00:58,19
279,279,1618444855,1618444855112,33781354708,63261.26,0.36882574,gemini,sell,2021-04-14T19:00:55,19
280,280,1618444855,1618444855112,33781354706,63261.29,0.276,gemini,sell,2021-04-14T19:00:55,19
281,281,1618444855,1618444855112,33781354704,63267.28,0.02663,gemini,sell,2021-04-14T19:00:55,19
282,282,1618444855,1618444855112,33781354702,63267.78,0.02663,gemini,sell,2021-04-14T19:00:55,19
283,283,1618444855,1618444855112,33781354700,63268.28,0.02663,gemini,sell,2021-04-14T19:00:55,19
284,284,1618444855,1618444855112,33781354698,63268.78,0.02663,gemini,sell,2021-04-14T19:00:55,19
285,285,1618444855,1618444855112,33781354696,63269.28,0.02663,gemini,sell,2021-04-14T19:00:55,19
286,286,1618444855,1618444855112,33781354694,63269.4,0.49,gemini,sell,2021-04-14T19:00:55,19
287,287,1618444855,1618444855112,33781354692,63269.41,0.091,gemini,sell,2021-04-14T19:00:55,19
288,288,1618444855,1618444855112,33781354690,63269.42,0.03537062,gemini,sell,2021-04-14T19:00:55,19
289,289,1618444855,1618444855112,33781354688,63298.43,1.93e-06,gemini,sell,2021-04-14T19:00:55,19
290,290,1618444854,1618444854990,33781354010,63298.43,0.01996,gemini,sell,2021-04-14T19:00:54,19
291,291,1618444854,1618444854046,33781351757,63298.43,3.807e-05,gemini,sell,2021-04-14T19:00:54,19
292,292,1618444853,1618444853385,33781350182,63314.07,0.00246478,gemini,buy,2021-04-14T19:00:53,19
293,293,1618444852,1618444852514,33781348159,63309.72,3.076e-05,gemini,buy,2021-04-14T19:00:52,19
294,294,1618444852,1618444852514,33781348157,63303.96,0.0007235000000000001,gemini,buy,2021-04-14T19:00:52,19
295,295,1618444848,1618444848385,33781333526,63289.27,0.00328766,gemini,buy,2021-04-14T19:00:48,19
296,296,1618444847,1618444847690,33781329926,63294.1,0.00021690000000000001,gemini,buy,2021-04-14T19:00:47,19
297,297,1618444847,1618444847165,33781328381,63250.0,0.0065,gemini,buy,2021-04-14T19:00:47,19
298,298,1618444847,1618444847165,33781328379,63250.0,0.004,gemini,buy,2021-04-14T19:00:47,19
299,299,1618444846,1618444846677,33781326715,63227.31,5.818e-05,gemini,buy,2021-04-14T19:00:46,19
300,300,1618444846,1618444846098,33781324248,63201.83,7.42e-06,gemini,buy,2021-04-14T19:00:46,19
301,301,1618444845,1618444845847,33781323053,63201.83,4e-05,gemini,buy,2021-04-14T19:00:45,19
302,302,1618444845,1618444845846,33781323034,63201.83,0.0001,gemini,buy,2021-04-14T19:00:45,19
303,303,1618444844,1618444844318,33781315160,63180.55,0.14944134,gemini,sell,2021-04-14T19:00:44,19
304,304,1618444844,1618444844318,33781315158,63180.56,0.2,gemini,sell,2021-04-14T19:00:44,19
305,305,1618444844,1618444844318,33781315156,63180.57,0.02,gemini,sell,2021-04-14T19:00:44,19
306,306,1618444844,1618444844318,33781315154,63180.57,0.02802772,gemini,sell,2021-04-14T19:00:44,19
307,307,1618444842,1618444842652,33781308968,63197.08,0.44143178,gemini,buy,2021-04-14T19:00:42,19
308,308,1618444842,1618444842652,33781308966,63191.67,0.02696438,gemini,buy,2021-04-14T19:00:42,19
309,309,1618444840,1618444840035,33781298687,63192.53,0.00620598,gemini,buy,2021-04-14T19:00:40,19
310,310,1618444838,1618444838631,33781291266,63144.72,1.143e-05,gemini,sell,2021-04-14T19:00:38,19
311,311,1618444838,1618444838600,33781291120,63164.19,0.00302,gemini,buy,2021-04-14T19:00:38,19
312,312,1618444838,1618444838279,33781289277,63164.02,0.00780828,gemini,buy,2021-04-14T19:00:38,19
313,313,1618444837,1618444837779,33781286402,63164.24,0.01611246,gemini,sell,2021-04-14T19:00:37,19
314,314,1618444835,1618444835029,33781274682,63194.77,0.03107523,gemini,buy,2021-04-14T19:00:35,19
315,315,1618444833,1618444833954,33781271456,63200.55,0.01355806,gemini,buy,2021-04-14T19:00:33,19
316,316,1618444833,1618444833954,33781271454,63182.9,0.02,gemini,buy,2021-04-14T19:00:33,19
317,317,1618444833,1618444833954,33781271452,63180.82,0.00316552,gemini,buy,2021-04-14T19:00:33,19
318,318,1618444833,1618444833276,33781268481,63180.72,0.01040829,gemini,buy,2021-04-14T19:00:33,19
319,319,1618444830,1618444830523,33781258057,63152.57,0.00173701,gemini,buy,2021-04-14T19:00:30,19
320,320,1618444830,1618444830523,33781258055,63142.16,0.00064223,gemini,buy,2021-04-14T19:00:30,19
321,321,1618444830,1618444830523,33781258053,63140.46,5.826e-05,gemini,buy,2021-04-14T19:00:30,19
322,322,1618444829,1618444829207,33781251527,63140.35,0.08545137,gemini,buy,2021-04-14T19:00:29,19
323,323,1618444828,1618444828287,33781247888,63140.0,0.00235046,gemini,buy,2021-04-14T19:00:28,19
324,324,1618444828,1618444828287,33781247886,63139.99,0.01616442,gemini,buy,2021-04-14T19:00:28,19
325,325,1618444827,1618444827725,33781245496,63139.99,0.02,gemini,sell,2021-04-14T19:00:27,19
326,326,1618444827,1618444827221,33781242461,63140.0,0.1249806,gemini,buy,2021-04-14T19:00:27,19
327,327,1618444826,1618444826267,33781239073,63140.42,0.00624,gemini,buy,2021-04-14T19:00:26,19
328,328,1618444825,1618444825416,33781236166,63125.25,0.005,gemini,buy,2021-04-14T19:00:25,19
329,329,1618444822,1618444822098,33781222333,63090.8,0.05816964,gemini,buy,2021-04-14T19:00:22,19
330,330,1618444822,1618444822090,33781222294,63090.8,0.04183036,gemini,buy,2021-04-14T19:00:22,19
331,331,1618444822,1618444822090,33781222292,63085.8,0.00032606,gemini,buy,2021-04-14T19:00:22,19
332,332,1618444822,1618444822090,33781222290,63085.8,0.00221854,gemini,buy,2021-04-14T19:00:22,19
333,333,1618444821,1618444821841,33781221408,63084.06,0.36985958,gemini,sell,2021-04-14T19:00:21,19
334,334,1618444821,1618444821179,33781217112,63085.8,0.00037081,gemini,buy,2021-04-14T19:00:21,19
335,335,1618444818,1618444818766,33781206897,63085.8,0.00206851,gemini,buy,2021-04-14T19:00:18,19
336,336,1618444815,1618444815624,33781192962,63090.79,0.00179565,gemini,buy,2021-04-14T19:00:15,19
337,337,1618444815,1618444815624,33781192960,63053.74,8.34e-06,gemini,buy,2021-04-14T19:00:15,19
338,338,1618444811,1618444811524,33781167881,62976.86,4.791e-05,gemini,buy,2021-04-14T19:00:11,19
339,339,1618444809,1618444809532,33781158736,62981.53,0.00023781,gemini,buy,2021-04-14T19:00:09,19
340,340,1618444809,1618444809532,33781158734,62976.86,5.462e-05,gemini,buy,2021-04-14T19:00:09,19
341,341,1618444806,1618444806541,33781145749,62976.86,9.416e-05,gemini,buy,2021-04-14T19:00:06,19
342,342,1618444789,1618444789954,33781096554,62972.24,0.00071414,gemini,buy,2021-04-14T18:59:49,18
343,343,1618444789,1618444789954,33781096552,62972.23,0.00669771,gemini,buy,2021-04-14T18:59:49,18
344,344,1618444777,1618444777497,33781060420,63010.67,0.00013674,gemini,buy,2021-04-14T18:59:37,18
345,345,1618444767,1618444767879,33781034940,63000.77,0.00544531,gemini,buy,2021-04-14T18:59:27,18
346,346,1618444763,1618444763090,33781015602,62989.73,0.00153853,gemini,buy,2021-04-14T18:59:23,18
347,347,1618444763,1618444763010,33781015102,62989.73,0.00184748,gemini,buy,2021-04-14T18:59:23,18
348,348,1618444762,1618444762458,33781013927,62966.62,0.00096419,gemini,sell,2021-04-14T18:59:22,18
349,349,1618444762,1618444762458,33781013925,62966.63,2.786e-05,gemini,sell,2021-04-14T18:59:22,18
350,350,1618444762,1618444762458,33781013923,62966.63,8.170000000000001e-05,gemini,sell,2021-04-14T18:59:22,18
351,351,1618444762,1618444762458,33781013921,62966.63,0.00354892,gemini,sell,2021-04-14T18:59:22,18
352,352,1618444752,1618444752393,33780978830,63004.28,0.00153193,gemini,buy,2021-04-14T18:59:12,18
353,353,1618444748,1618444748967,33780966914,62994.78,0.01134366,gemini,sell,2021-04-14T18:59:08,18
354,354,1618444744,1618444744862,33780956540,63011.51,0.0010400000000000001,gemini,buy,2021-04-14T18:59:04,18
355,355,1618444743,1618444743864,33780954706,63012.05,0.00112,gemini,buy,2021-04-14T18:59:03,18
356,356,1618444742,1618444742295,33780950367,63014.39,1e-05,gemini,buy,2021-04-14T18:59:02,18
357,357,1618444740,1618444740545,33780946050,63022.85,0.00310926,gemini,buy,2021-04-14T18:59:00,18
358,358,1618444738,1618444738980,33780942139,63002.54,0.00010777,gemini,sell,2021-04-14T18:58:58,18
359,359,1618444735,1618444735434,33780934011,63009.04,0.07774138,gemini,sell,2021-04-14T18:58:55,18
360,360,1618444735,1618444735434,33780934009,63009.05,0.00155862,gemini,sell,2021-04-14T18:58:55,18
361,361,1618444726,1618444726398,33780905808,63047.1,0.00646054,gemini,buy,2021-04-14T18:58:46,18
362,362,1618444726,1618444726397,33780905806,63047.09,0.02,gemini,buy,2021-04-14T18:58:46,18
363,363,1618444723,1618444723647,33780893889,63044.47,0.02254845,gemini,sell,2021-04-14T18:58:43,18
364,364,1618444723,1618444723647,33780893887,63053.73,0.00720408,gemini,sell,2021-04-14T18:58:43,18
365,365,1618444722,1618444722948,33780892569,63053.73,0.01279592,gemini,sell,2021-04-14T18:58:42,18
366,366,1618444722,1618444722948,33780892567,63053.73,0.01020408,gemini,sell,2021-04-14T18:58:42,18
367,367,1618444714,1618444714208,33780872610,63053.74,5e-05,gemini,buy,2021-04-14T18:58:34,18
368,368,1618444701,1618444701720,33780832960,63021.33,0.0012777,gemini,buy,2021-04-14T18:58:21,18
369,369,1618444694,1618444694490,33780806182,63043.82,0.00048245,gemini,buy,2021-04-14T18:58:14,18
370,370,1618444693,1618444693534,33780803414,63043.82,0.00392853,gemini,buy,2021-04-14T18:58:13,18
371,371,1618444692,1618444692368,33780800454,63043.81,0.00260064,gemini,buy,2021-04-14T18:58:12,18
372,372,1618444690,1618444690662,33780795632,63047.29,0.00311158,gemini,buy,2021-04-14T18:58:10,18
373,373,1618444689,1618444689623,33780790458,63000.0,0.03719138,gemini,buy,2021-04-14T18:58:09,18
374,374,1618444689,1618444689623,33780790452,63000.0,0.03,gemini,buy,2021-04-14T18:58:09,18
375,375,1618444689,1618444689622,33780790446,63000.0,0.05,gemini,buy,2021-04-14T18:58:09,18
376,376,1618444689,1618444689622,33780790442,63000.0,0.01,gemini,buy,2021-04-14T18:58:09,18
377,377,1618444689,1618444689622,33780790420,63000.0,0.26,gemini,buy,2021-04-14T18:58:09,18
378,378,1618444689,1618444689621,33780790410,63000.0,0.13,gemini,buy,2021-04-14T18:58:09,18
379,379,1618444689,1618444689621,33780790401,63000.0,0.28,gemini,buy,2021-04-14T18:58:09,18
380,380,1618444689,1618444689621,33780790390,63000.0,0.09,gemini,buy,2021-04-14T18:58:09,18
381,381,1618444689,1618444689620,33780790380,63000.0,0.09,gemini,buy,2021-04-14T18:58:09,18
382,382,1618444689,1618444689620,33780790374,63000.0,0.06327,gemini,buy,2021-04-14T18:58:09,18
383,383,1618444689,1618444689566,33780790270,63000.0,0.07245512,gemini,buy,2021-04-14T18:58:09,18
384,384,1618444689,1618444689522,33780790161,63000.0,0.0144,gemini,buy,2021-04-14T18:58:09,18
385,385,1618444676,1618444676433,33780762514,63000.0,0.00156265,gemini,buy,2021-04-14T18:57:56,18
386,386,1618444673,1618444673037,33780753978,62996.62,0.00031084,gemini,buy,2021-04-14T18:57:53,18
387,387,1618444673,1618444673037,33780753976,62967.14,8.42e-06,gemini,buy,2021-04-14T18:57:53,18
388,388,1618444672,1618444672436,33780751694,62967.14,5e-05,gemini,buy,2021-04-14T18:57:52,18
389,389,1618444662,1618444662747,33780733648,62951.43,0.00291594,gemini,sell,2021-04-14T18:57:42,18
390,390,1618444662,1618444662747,33780733646,62951.44,1.785e-05,gemini,sell,2021-04-14T18:57:42,18
391,391,1618444662,1618444662747,33780733644,62951.44,0.01206621,gemini,sell,2021-04-14T18:57:42,18
392,392,1618444653,1618444653239,33780704822,62946.98,0.04254315,gemini,buy,2021-04-14T18:57:33,18
393,393,1618444653,1618444653239,33780704820,62946.97,0.03079967,gemini,buy,2021-04-14T18:57:33,18
394,394,1618444653,1618444653238,33780704818,62946.97,0.02018892,gemini,buy,2021-04-14T18:57:33,18
395,395,1618444649,1618444649599,33780691209,62880.66,8.5e-06,gemini,buy,2021-04-14T18:57:29,18
396,396,1618444647,1618444647080,33780684834,62880.65,0.15804277,gemini,sell,2021-04-14T18:57:27,18
397,397,1618444644,1618444644353,33780674796,62880.66,5e-05,gemini,buy,2021-04-14T18:57:24,18
398,398,1618444625,1618444625843,33780623416,62873.5,0.0079247394,gemini,buy,2021-04-14T18:57:05,18
399,399,1618444620,1618444620495,33780613154,62867.15,1e-05,gemini,buy,2021-04-14T18:57:00,18
400,400,1618444610,1618444610541,33780582788,62829.26,0.008005,gemini,sell,2021-04-14T18:56:50,18
401,401,1618444610,1618444610541,33780582786,62829.27,0.009527299999999999,gemini,sell,2021-04-14T18:56:50,18
402,402,1618444610,1618444610541,33780582784,62829.69,0.00174676,gemini,sell,2021-04-14T18:56:50,18
403,403,1618444606,1618444606007,33780567317,62853.55,1e-05,gemini,buy,2021-04-14T18:56:46,18
404,404,1618444605,1618444605948,33780567114,62853.55,0.00338463,gemini,buy,2021-04-14T18:56:45,18
405,405,1618444605,1618444605644,33780565580,62853.59,0.01738808,gemini,buy,2021-04-14T18:56:45,18
406,406,1618444605,1618444605644,33780565578,62853.56,0.00337256,gemini,buy,2021-04-14T18:56:45,18
407,407,1618444605,1618444605243,33780562039,62856.56,0.00479,gemini,sell,2021-04-14T18:56:45,18
408,408,1618444595,1618444595499,33780527918,62835.98,0.00185315,gemini,buy,2021-04-14T18:56:35,18
409,409,1618444578,1618444578650,33780479835,62806.69,0.00876099,gemini,buy,2021-04-14T18:56:18,18
410,410,1618444578,1618444578650,33780479833,62806.68,0.00515253,gemini,buy,2021-04-14T18:56:18,18
411,411,1618444572,1618444572550,33780452505,62750.35,0.00032,gemini,buy,2021-04-14T18:56:12,18
412,412,1618444560,1618444560149,33780408179,62736.28,0.005,gemini,sell,2021-04-14T18:56:00,18
413,413,1618444551,1618444551495,33780387687,62764.21,0.00061257,gemini,buy,2021-04-14T18:55:51,18
414,414,1618444551,1618444551495,33780387685,62716.45,4.43e-06,gemini,buy,2021-04-14T18:55:51,18
415,415,1618444548,1618444548257,33780376733,62716.45,0.01,gemini,buy,2021-04-14T18:55:48,18
416,416,1618444548,1618444548256,33780376719,62716.45,0.2111,gemini,buy,2021-04-14T18:55:48,18
417,417,1618444548,1618444548255,33780376710,62716.45,1.5217,gemini,buy,2021-04-14T18:55:48,18
418,418,1618444548,1618444548255,33780376705,62716.45,0.01,gemini,buy,2021-04-14T18:55:48,18
419,419,1618444548,1618444548255,33780376695,62716.45,0.14,gemini,buy,2021-04-14T18:55:48,18
420,420,1618444548,1618444548254,33780376682,62716.45,0.12,gemini,buy,2021-04-14T18:55:48,18
421,421,1618444548,1618444548252,33780376655,62716.45,0.1,gemini,buy,2021-04-14T18:55:48,18
422,422,1618444548,1618444548252,33780376646,62716.45,0.05,gemini,buy,2021-04-14T18:55:48,18
423,423,1618444548,1618444548251,33780376640,62716.45,0.01038552,gemini,buy,2021-04-14T18:55:48,18
424,424,1618444548,1618444548251,33780376638,62711.71,4.48e-06,gemini,buy,2021-04-14T18:55:48,18
425,425,1618444548,1618444548079,33780375508,62711.71,0.00343,gemini,buy,2021-04-14T18:55:48,18
426,426,1618444544,1618444544888,33780360529,62716.45,0.00481005,gemini,buy,2021-04-14T18:55:44,18
427,427,1618444544,1618444544888,33780360527,62709.63,0.02,gemini,buy,2021-04-14T18:55:44,18
428,428,1618444544,1618444544888,33780360525,62709.62,0.00174103,gemini,buy,2021-04-14T18:55:44,18
429,429,1618444544,1618444544888,33780360523,62698.61,1.662e-05,gemini,buy,2021-04-14T18:55:44,18
430,430,1618444541,1618444541470,33780349015,62690.13,0.00148381,gemini,buy,2021-04-14T18:55:41,18
431,431,1618444540,1618444540573,33780347089,62690.14,0.00084371,gemini,buy,2021-04-14T18:55:40,18
432,432,1618444539,1618444539393,33780342811,62703.5,0.19188251,gemini,buy,2021-04-14T18:55:39,18
433,433,1618444539,1618444539393,33780342809,62691.31,0.08250134,gemini,buy,2021-04-14T18:55:39,18
434,434,1618444539,1618444539393,33780342807,62690.63,0.00353621,gemini,buy,2021-04-14T18:55:39,18
435,435,1618444539,1618444539393,33780342805,62690.15,0.00253526,gemini,buy,2021-04-14T18:55:39,18
436,436,1618444533,1618444533204,33780322360,62713.27,0.06193204,gemini,buy,2021-04-14T18:55:33,18
437,437,1618444533,1618444533204,33780322358,62713.0,0.00455907,gemini,buy,2021-04-14T18:55:33,18
438,438,1618444530,1618444530357,33780312080,62670.51,0.01083118,gemini,buy,2021-04-14T18:55:30,18
439,439,1618444530,1618444530357,33780312078,62667.94,0.00481228,gemini,buy,2021-04-14T18:55:30,18
440,440,1618444513,1618444513906,33780256970,62707.87,0.02485707,gemini,buy,2021-04-14T18:55:13,18
441,441,1618444513,1618444513906,33780256968,62707.37,0.0269,gemini,buy,2021-04-14T18:55:13,18
442,442,1618444513,1618444513906,33780256966,62684.85,0.01862482,gemini,buy,2021-04-14T18:55:13,18
443,443,1618444513,1618444513695,33780256458,62684.85,0.00137518,gemini,buy,2021-04-14T18:55:13,18
444,444,1618444513,1618444513695,33780256456,62682.31,0.00206491,gemini,buy,2021-04-14T18:55:13,18
445,445,1618444511,1618444511783,33780250411,62682.31,0.00261365,gemini,buy,2021-04-14T18:55:11,18
446,446,1618444500,1618444500481,33780207102,62604.02,0.00094798,gemini,buy,2021-04-14T18:55:00,18
447,447,1618444497,1618444497667,33780196757,62626.72,0.04295836,gemini,sell,2021-04-14T18:54:57,18
448,448,1618444491,1618444491713,33780177835,62649.34,0.04005641,gemini,sell,2021-04-14T18:54:51,18
449,449,1618444489,1618444489612,33780173002,62652.17,0.01059448,gemini,buy,2021-04-14T18:54:49,18
450,450,1618444489,1618444489612,33780173000,62651.92,0.02,gemini,buy,2021-04-14T18:54:49,18
451,451,1618444489,1618444489612,33780172998,62651.91,0.00795024,gemini,buy,2021-04-14T18:54:49,18
452,452,1618444488,1618444488457,33780169488,62652.28,0.00013478,gemini,buy,2021-04-14T18:54:48,18
453,453,1618444487,1618444487776,33780166263,62652.28,0.0180507,gemini,buy,2021-04-14T18:54:47,18
454,454,1618444487,1618444487117,33780162717,62661.8,0.00391073,gemini,buy,2021-04-14T18:54:47,18
455,455,1618444481,1618444481033,33780142678,62677.33,0.00312723,gemini,buy,2021-04-14T18:54:41,18
456,456,1618444473,1618444473558,33780115783,62681.02,0.0007346,gemini,buy,2021-04-14T18:54:33,18
457,457,1618444462,1618444462372,33780075397,62659.11,0.00798277,gemini,buy,2021-04-14T18:54:22,18
458,458,1618444462,1618444462372,33780075395,62659.1,0.0076691,gemini,buy,2021-04-14T18:54:22,18
459,459,1618444461,1618444461908,33780073721,62634.42,0.0166615,gemini,sell,2021-04-14T18:54:21,18
460,460,1618444461,1618444461908,33780073719,62634.57,0.00736755,gemini,sell,2021-04-14T18:54:21,18
461,461,1618444460,1618444460860,33780067122,62625.0,0.02416,gemini,buy,2021-04-14T18:54:20,18
462,462,1618444460,1618444460859,33780067116,62625.0,0.00584,gemini,buy,2021-04-14T18:54:20,18
463,463,1618444460,1618444460859,33780067107,62625.0,0.02416,gemini,buy,2021-04-14T18:54:20,18
464,464,1618444460,1618444460858,33780067101,62625.0,0.03,gemini,buy,2021-04-14T18:54:20,18
465,465,1618444460,1618444460858,33780067095,62625.0,0.03,gemini,buy,2021-04-14T18:54:20,18
466,466,1618444460,1618444460047,33780063966,62625.0,0.0037799999999999995,gemini,buy,2021-04-14T18:54:20,18
467,467,1618444459,1618444459083,33780059269,62625.0,0.01,gemini,buy,2021-04-14T18:54:19,18
468,468,1618444459,1618444459083,33780059258,62625.0,0.11,gemini,buy,2021-04-14T18:54:19,18
469,469,1618444459,1618444459083,33780059252,62625.0,0.02,gemini,buy,2021-04-14T18:54:19,18
470,470,1618444459,1618444459082,33780059246,62625.0,0.02205993,gemini,buy,2021-04-14T18:54:19,18
471,471,1618444459,1618444459082,33780059244,62621.76,7e-08,gemini,buy,2021-04-14T18:54:19,18
472,472,1618444459,1618444459023,33780058775,62621.76,0.00525,gemini,buy,2021-04-14T18:54:19,18
473,473,1618444447,1618444447595,33780014980,62610.62,0.17756235,gemini,sell,2021-04-14T18:54:07,18
474,474,1618444447,1618444447595,33780014978,62610.81,0.00484569,gemini,sell,2021-04-14T18:54:07,18
475,475,1618444444,1618444444284,33779996371,62600.0,0.0015,gemini,sell,2021-04-14T18:54:04,18
476,476,1618444435,1618444435429,33779969723,62674.55,1.397e-05,gemini,sell,2021-04-14T18:53:55,18
477,477,1618444435,1618444435429,33779969721,62674.55,0.00389603,gemini,sell,2021-04-14T18:53:55,18
478,478,1618444434,1618444434509,33779967177,62674.55,0.008461,gemini,sell,2021-04-14T18:53:54,18
479,479,1618444430,1618444430877,33779958582,62679.15,0.00128132,gemini,buy,2021-04-14T18:53:50,18
480,480,1618444425,1618444425389,33779942425,62683.97,0.01153325,gemini,buy,2021-04-14T18:53:45,18
481,481,1618444425,1618444425389,33779942423,62683.97,0.00355926,gemini,buy,2021-04-14T18:53:45,18
482,482,1618444415,1618444415176,33779902038,62680.64,0.00074951,gemini,buy,2021-04-14T18:53:35,18
483,483,1618444413,1618444413025,33779894497,62677.34,0.009533100000000001,gemini,sell,2021-04-14T18:53:33,18
484,484,1618444413,1618444413025,33779894495,62677.45,0.00043921,gemini,sell,2021-04-14T18:53:33,18
485,485,1618444413,1618444413025,33779894493,62677.45,0.00144954,gemini,sell,2021-04-14T18:53:33,18
486,486,1618444402,1618444402220,33779859725,62683.48,6.091e-05,gemini,buy,2021-04-14T18:53:22,18
487,487,1618444391,1618444391324,33779821947,62694.76,0.00074951,gemini,buy,2021-04-14T18:53:11,18
488,488,1618444388,1618444388524,33779812300,62674.55,7.85e-05,gemini,buy,2021-04-14T18:53:08,18
489,489,1618444388,1618444388524,33779812298,62674.55,0.00287447,gemini,buy,2021-04-14T18:53:08,18
490,490,1618444351,1618444351711,33779700279,62715.72,0.00260803,gemini,buy,2021-04-14T18:52:31,18
491,491,1618444347,1618444347547,33779688227,62716.45,3.462e-05,gemini,buy,2021-04-14T18:52:27,18
492,492,1618444339,1618444339319,33779663552,62713.92,0.05403067,gemini,sell,2021-04-14T18:52:19,18
493,493,1618444339,1618444339319,33779663550,62713.93,0.0188748,gemini,sell,2021-04-14T18:52:19,18
494,494,1618444335,1618444335021,33779646953,62696.97,0.00029,gemini,buy,2021-04-14T18:52:15,18
495,495,1618444331,1618444331604,33779636987,62650.0,4.67e-06,gemini,buy,2021-04-14T18:52:11,18
496,496,1618444331,1618444331534,33779636843,62650.0,0.0318,gemini,buy,2021-04-14T18:52:11,18
497,497,1618444331,1618444331482,33779636797,62650.0,0.07975599,gemini,buy,2021-04-14T18:52:11,18
498,498,1618444331,1618444331477,33779636791,62650.0,0.00183257,gemini,buy,2021-04-14T18:52:11,18
499,499,1618444331,1618444331409,33779636638,62650.0,0.09946527,gemini,buy,2021-04-14T18:52:11,18
