,timestamp,timestampms,tid,price,amount,exchange,type,date,hour
0,1618455467,1618455467584,33809679819,0.03858,14.9254,gemini,sell,2021-04-14T21:57:47,21
1,1618455261,1618455261452,33809175271,0.03862,14.9254,gemini,sell,2021-04-14T21:54:21,21
2,1618455098,1618455098192,33808720466,0.03864,1.7063,gemini,sell,2021-04-14T21:51:38,21
3,1618455098,1618455098192,33808720464,0.03864,0.23,gemini,sell,2021-04-14T21:51:38,21
4,1618455098,1618455098192,33808720462,0.03864,15.0,gemini,sell,2021-04-14T21:51:38,21
5,1618454881,1618454881756,33808040512,0.03859,0.23,gemini,buy,2021-04-14T21:48:01,21
6,1618454880,1618454880102,33808030424,0.03861,0.00132,gemini,buy,2021-04-14T21:48:00,21
7,1618454304,1618454304140,33806460105,0.03863,15.0,gemini,buy,2021-04-14T21:38:24,21
8,1618454304,1618454304140,33806460103,0.03863,7.0,gemini,buy,2021-04-14T21:38:24,21
9,1618453725,1618453725727,33804888640,0.03857,2.67,gemini,buy,2021-04-14T21:28:45,21
10,1618453518,1618453518340,33804267138,0.03859,5.55,gemini,buy,2021-04-14T21:25:18,21
11,1618453518,1618453518336,33804267084,0.03859,0.12,gemini,buy,2021-04-14T21:25:18,21
12,1618453116,1618453116134,33803020340,0.0386,0.23,gemini,buy,2021-04-14T21:18:36,21
13,1618452911,1618452911323,33802435809,0.0386,0.2,gemini,sell,2021-04-14T21:15:11,21
14,1618452789,1618452789710,33802153261,0.0386,0.007081,gemini,sell,2021-04-14T21:13:09,21
15,1618452598,1618452598493,33801640966,0.03864,0.23,gemini,sell,2021-04-14T21:09:58,21
16,1618452430,1618452430094,33801193972,0.03867,11.28,gemini,buy,2021-04-14T21:07:10,21
17,1618452412,1618452412887,33801134465,0.03866,11.41,gemini,buy,2021-04-14T21:06:52,21
18,1618452173,1618452173525,33800461589,0.03866,1.35,gemini,buy,2021-04-14T21:02:53,21
19,1618452077,1618452077036,33800172094,0.03863,1.18,gemini,buy,2021-04-14T21:01:17,21
20,1618452061,1618452061705,33800128351,0.03861,4.79,gemini,buy,2021-04-14T21:01:01,21
21,1618452061,1618452061694,33800128298,0.03861,0.03,gemini,buy,2021-04-14T21:01:01,21
22,1618452058,1618452058839,33800117284,0.03861,1.56,gemini,buy,2021-04-14T21:00:58,21
23,1618451994,1618451994529,33799918497,0.03859,0.73,gemini,buy,2021-04-14T20:59:54,20
24,1618451988,1618451988810,33799898398,0.03859,0.11,gemini,buy,2021-04-14T20:59:48,20
25,1618451988,1618451988704,33799898057,0.03859,2.37,gemini,buy,2021-04-14T20:59:48,20
26,1618451902,1618451902534,33799648901,0.03861,0.001163,gemini,buy,2021-04-14T20:58:22,20
27,1618451767,1618451767718,33799297779,0.03855,0.23,gemini,sell,2021-04-14T20:56:07,20
28,1618451767,1618451767718,33799297777,0.03855,15.0,gemini,sell,2021-04-14T20:56:07,20
29,1618451698,1618451698233,33799119450,0.03852,2.85,gemini,buy,2021-04-14T20:54:58,20
30,1618451646,1618451646859,33798996645,0.03851,5.25,gemini,sell,2021-04-14T20:54:06,20
31,1618451646,1618451646859,33798996643,0.03851,0.23,gemini,sell,2021-04-14T20:54:06,20
32,1618451646,1618451646830,33798996504,0.03851,1.78,gemini,sell,2021-04-14T20:54:06,20
33,1618451646,1618451646821,33798996452,0.03851,0.51,gemini,sell,2021-04-14T20:54:06,20
34,1618451646,1618451646795,33798996278,0.03851,2.36,gemini,sell,2021-04-14T20:54:06,20
35,1618451646,1618451646795,33798996276,0.03851,0.23,gemini,sell,2021-04-14T20:54:06,20
36,1618451171,1618451171021,33797733529,0.03845,3.1e-05,gemini,sell,2021-04-14T20:46:11,20
37,1618451167,1618451167126,33797725761,0.03845,0.0012,gemini,sell,2021-04-14T20:46:07,20
38,1618450867,1618450867427,33797063895,0.03843,1.29,gemini,buy,2021-04-14T20:41:07,20
39,1618450457,1618450457652,33796140015,0.03843,0.19280666,gemini,buy,2021-04-14T20:34:17,20
40,1618450457,1618450457652,33796140013,0.03843,1.0,gemini,buy,2021-04-14T20:34:17,20
41,1618450451,1618450451262,33796120097,0.03843,14.0,gemini,buy,2021-04-14T20:34:11,20
42,1618449888,1618449888802,33794752568,0.03832,1.741638,gemini,sell,2021-04-14T20:24:48,20
43,1618449888,1618449888802,33794752566,0.03833,5.167209,gemini,sell,2021-04-14T20:24:48,20
44,1618449888,1618449888802,33794752564,0.03834,4.13413,gemini,sell,2021-04-14T20:24:48,20
45,1618449888,1618449888802,33794752562,0.03834,6.3e-05,gemini,sell,2021-04-14T20:24:48,20
46,1618449888,1618449888802,33794752560,0.03835,4.133263,gemini,sell,2021-04-14T20:24:48,20
47,1618449888,1618449888802,33794752558,0.03836,5.46,gemini,sell,2021-04-14T20:24:48,20
48,1618449888,1618449888802,33794752556,0.03836,2.067065,gemini,sell,2021-04-14T20:24:48,20
49,1618449888,1618449888802,33794752554,0.03837,2.066632,gemini,sell,2021-04-14T20:24:48,20
50,1618449888,1618449888802,33794752552,0.03837,0.23,gemini,sell,2021-04-14T20:24:48,20
51,1618449888,1618449888802,33794752550,0.03837,15.0,gemini,sell,2021-04-14T20:24:48,20
52,1618449077,1618449077945,33792599720,0.03834,0.0011,gemini,sell,2021-04-14T20:11:17,20
53,1618448888,1618448888917,33791963245,0.0385,1.2e-05,gemini,sell,2021-04-14T20:08:08,20
54,1618448887,1618448887827,33791959294,0.0385,0.8443,gemini,sell,2021-04-14T20:08:07,20
55,1618448807,1618448807425,33791743244,0.03854,0.23,gemini,buy,2021-04-14T20:06:47,20
56,1618448588,1618448588261,33791179577,0.03857,0.034489,gemini,sell,2021-04-14T20:03:08,20
57,1618448523,1618448523295,33791006759,0.03859,0.15,gemini,buy,2021-04-14T20:02:03,20
58,1618448522,1618448522597,33791003892,0.03859,3.46,gemini,buy,2021-04-14T20:02:02,20
59,1618448522,1618448522549,33791003727,0.03859,0.39,gemini,buy,2021-04-14T20:02:02,20
60,1618448386,1618448386527,33790570952,0.03853,1.3e-05,gemini,sell,2021-04-14T19:59:46,19
61,1618447220,1618447220611,33787713792,0.03859,0.23,gemini,buy,2021-04-14T19:40:20,19
62,1618446542,1618446542507,33786161460,0.03867,0.23,gemini,sell,2021-04-14T19:29:02,19
63,1618446347,1618446347060,33785633615,0.03867,2.047737,gemini,sell,2021-04-14T19:25:47,19
64,1618446161,1618446161857,33785182968,0.03869,3.690062,gemini,buy,2021-04-14T19:22:41,19
65,1618446161,1618446161857,33785182966,0.03869,0.23,gemini,buy,2021-04-14T19:22:41,19
66,1618446161,1618446161857,33785182964,0.03869,0.022167,gemini,buy,2021-04-14T19:22:41,19
67,1618446125,1618446125650,33785093558,0.03867,1.228411,gemini,sell,2021-04-14T19:22:05,19
68,1618446108,1618446108723,33785057048,0.03869,0.764833,gemini,buy,2021-04-14T19:21:48,19
69,1618445573,1618445573351,33783660972,0.03864,1.992238,gemini,buy,2021-04-14T19:12:53,19
70,1618445397,1618445397990,33783171544,0.03869,0.23,gemini,buy,2021-04-14T19:09:57,19
71,1618445397,1618445397923,33783171188,0.03869,1.25,gemini,buy,2021-04-14T19:09:57,19
72,1618445391,1618445391898,33783145580,0.03869,6.153,gemini,buy,2021-04-14T19:09:51,19
73,1618445391,1618445391898,33783145578,0.03869,0.787,gemini,buy,2021-04-14T19:09:51,19
74,1618445136,1618445136496,33782381275,0.03862,0.968063,gemini,sell,2021-04-14T19:05:36,19
75,1618444891,1618444891627,33781484232,0.03862,9.12,gemini,sell,2021-04-14T19:01:31,19
76,1618444888,1618444888221,33781468791,0.03862,0.23,gemini,buy,2021-04-14T19:01:28,19
77,1618444863,1618444863101,33781383412,0.0386,14.91,gemini,sell,2021-04-14T19:01:03,19
78,1618444849,1618444849293,33781336216,0.03859,11.56,gemini,sell,2021-04-14T19:00:49,19
79,1618444825,1618444825787,33781237518,0.03863,15.0,gemini,sell,2021-04-14T19:00:25,19
80,1618444806,1618444806486,33781145329,0.03864,0.78,gemini,buy,2021-04-14T19:00:06,19
81,1618444734,1618444734641,33780931393,0.0386,2.64,gemini,sell,2021-04-14T18:58:54,18
82,1618444734,1618444734631,33780931345,0.0386,0.09,gemini,sell,2021-04-14T18:58:54,18
83,1618444729,1618444729199,33780911984,0.03859,1.18,gemini,sell,2021-04-14T18:58:49,18
84,1618444724,1618444724278,33780896998,0.03859,15.0,gemini,sell,2021-04-14T18:58:44,18
85,1618444656,1618444656925,33780714391,0.0386,0.38724559,gemini,buy,2021-04-14T18:57:36,18
86,1618444600,1618444600808,33780541978,0.03859,15.0,gemini,sell,2021-04-14T18:56:40,18
87,1618444329,1618444329259,33779628049,0.03853,0.001144,gemini,sell,2021-04-14T18:52:09,18
88,1618444329,1618444329259,33779628047,0.03854,6e-06,gemini,sell,2021-04-14T18:52:09,18
89,1618444328,1618444328712,33779625766,0.03854,0.00107,gemini,sell,2021-04-14T18:52:08,18
90,1618443515,1618443515969,33777627139,0.03873,4.4331,gemini,buy,2021-04-14T18:38:35,18
91,1618443515,1618443515969,33777627137,0.03872,2.0499,gemini,buy,2021-04-14T18:38:35,18
92,1618443515,1618443515969,33777627135,0.03872,0.23,gemini,buy,2021-04-14T18:38:35,18
93,1618443515,1618443515969,33777627133,0.03872,0.787,gemini,buy,2021-04-14T18:38:35,18
94,1618443515,1618443515969,33777627131,0.03871,15.0,gemini,buy,2021-04-14T18:38:35,18
95,1618443273,1618443273700,33777022993,0.03873,10.213,gemini,buy,2021-04-14T18:34:33,18
96,1618443273,1618443273700,33777022991,0.03872,0.787,gemini,buy,2021-04-14T18:34:33,18
97,1618443115,1618443115572,33776699649,0.03872,5.2e-05,gemini,sell,2021-04-14T18:31:55,18
98,1618443106,1618443106565,33776681328,0.03872,0.0011,gemini,sell,2021-04-14T18:31:46,18
99,1618442389,1618442389644,33775024234,0.03879,0.229985,gemini,sell,2021-04-14T18:19:49,18
100,1618442389,1618442389644,33775024231,0.03879,2.050215,gemini,sell,2021-04-14T18:19:49,18
101,1618442272,1618442272572,33774717873,0.03881,0.09868,gemini,buy,2021-04-14T18:17:52,18
102,1618442263,1618442263884,33774695460,0.03881,0.11616,gemini,buy,2021-04-14T18:17:43,18
103,1618442084,1618442084910,33774230926,0.0388,0.001,gemini,buy,2021-04-14T18:14:44,18
104,1618441571,1618441571124,33772858432,0.03883,0.5151,gemini,buy,2021-04-14T18:06:11,18
105,1618441571,1618441571124,33772858430,0.03883,0.4088,gemini,buy,2021-04-14T18:06:11,18
106,1618441571,1618441571124,33772858428,0.03883,0.4088,gemini,buy,2021-04-14T18:06:11,18
107,1618441561,1618441561221,33772829818,0.0388,7e-06,gemini,buy,2021-04-14T18:06:01,18
108,1618441560,1618441560095,33772823950,0.0388,0.00115,gemini,buy,2021-04-14T18:06:00,18
109,1618441399,1618441399688,33772342558,0.0387,0.030043,gemini,sell,2021-04-14T18:03:19,18
110,1618440602,1618440602130,33770360450,0.03848,0.009109,gemini,buy,2021-04-14T17:50:02,17
111,1618440529,1618440529882,33770159105,0.0385,1.28,gemini,sell,2021-04-14T17:48:49,17
112,1618440468,1618440468299,33769995419,0.03851,4.83,gemini,sell,2021-04-14T17:47:48,17
113,1618440462,1618440462211,33769977615,0.03853,0.118843,gemini,sell,2021-04-14T17:47:42,17
114,1618440462,1618440462211,33769977613,0.03853,0.001157,gemini,sell,2021-04-14T17:47:42,17
115,1618440413,1618440413233,33769842551,0.03855,1.55,gemini,buy,2021-04-14T17:46:53,17
116,1618440402,1618440402438,33769817637,0.03854,4.02,gemini,sell,2021-04-14T17:46:42,17
117,1618440402,1618440402346,33769817131,0.03854,2.14,gemini,sell,2021-04-14T17:46:42,17
118,1618440402,1618440402310,33769816915,0.03854,1.09,gemini,sell,2021-04-14T17:46:42,17
119,1618440350,1618440350660,33769685653,0.03856,0.19,gemini,sell,2021-04-14T17:45:50,17
120,1618440346,1618440346450,33769676222,0.0386,0.25,gemini,buy,2021-04-14T17:45:46,17
121,1618440045,1618440045495,33768901797,0.03863,1.03,gemini,sell,2021-04-14T17:40:45,17
122,1618439995,1618439995513,33768772096,0.03865,8.82,gemini,sell,2021-04-14T17:39:55,17
123,1618439616,1618439616220,33767834691,0.03865,2.0,gemini,sell,2021-04-14T17:33:36,17
124,1618439558,1618439558182,33767672163,0.0387,1.0,gemini,buy,2021-04-14T17:32:38,17
125,1618438966,1618438966217,33766087547,0.03879,13.38008378,gemini,buy,2021-04-14T17:22:46,17
126,1618438919,1618438919429,33765972234,0.0388,0.23,gemini,sell,2021-04-14T17:21:59,17
127,1618438919,1618438919411,33765972185,0.0388,0.23,gemini,sell,2021-04-14T17:21:59,17
128,1618438031,1618438031760,33763503825,0.03858,2.04009,gemini,sell,2021-04-14T17:07:11,17
129,1618438030,1618438030582,33763501600,0.03858,0.951345,gemini,buy,2021-04-14T17:07:10,17
130,1618438030,1618438030542,33763501525,0.03858,2.066444,gemini,sell,2021-04-14T17:07:10,17
131,1618437874,1618437874404,33763145638,0.03858,0.447842,gemini,sell,2021-04-14T17:04:34,17
132,1618437871,1618437871762,33763140225,0.03859,2.067167,gemini,sell,2021-04-14T17:04:31,17
133,1618437511,1618437511547,33762270294,0.03869,0.01512638,gemini,buy,2021-04-14T16:58:31,16
134,1618437511,1618437511547,33762270292,0.03869,0.5,gemini,buy,2021-04-14T16:58:31,16
135,1618436912,1618436912532,33760989690,0.03855,0.487259,gemini,sell,2021-04-14T16:48:32,16
136,1618436912,1618436912491,33760989570,0.03855,2.073443,gemini,sell,2021-04-14T16:48:32,16
137,1618436912,1618436912390,33760989210,0.03855,2.07319,gemini,sell,2021-04-14T16:48:32,16
138,1618436912,1618436912267,33760988935,0.03855,2.07319,gemini,sell,2021-04-14T16:48:32,16
139,1618436912,1618436912131,33760988547,0.03855,2.073118,gemini,sell,2021-04-14T16:48:32,16
140,1618436911,1618436911981,33760988188,0.03855,2.073118,gemini,sell,2021-04-14T16:48:31,16
141,1618436911,1618436911866,33760988073,0.03855,2.073056,gemini,sell,2021-04-14T16:48:31,16
142,1618436906,1618436906556,33760975441,0.03855,2.071175,gemini,buy,2021-04-14T16:48:26,16
143,1618436906,1618436906556,33760975439,0.03855,0.002451,gemini,buy,2021-04-14T16:48:26,16
144,1618436839,1618436839601,33760821163,0.03855,0.12937821,gemini,buy,2021-04-14T16:47:19,16
145,1618436333,1618436333336,33759634037,0.03856,0.058541,gemini,buy,2021-04-14T16:38:53,16
146,1618436312,1618436312529,33759577331,0.03861,0.239095,gemini,buy,2021-04-14T16:38:32,16
147,1618436312,1618436312529,33759577329,0.0386,2.067272,gemini,buy,2021-04-14T16:38:32,16
148,1618436312,1618436312529,33759577327,0.03859,2.0663,gemini,buy,2021-04-14T16:38:32,16
149,1618436298,1618436298037,33759548458,0.0386,0.677283,gemini,buy,2021-04-14T16:38:18,16
150,1618436298,1618436298037,33759548456,0.03859,2.067144,gemini,buy,2021-04-14T16:38:18,16
151,1618436298,1618436298037,33759548454,0.03858,2.0651,gemini,buy,2021-04-14T16:38:18,16
152,1618436268,1618436268193,33759483421,0.03858,0.847966,gemini,buy,2021-04-14T16:37:48,16
153,1618436268,1618436268193,33759483419,0.03857,2.067946,gemini,buy,2021-04-14T16:37:48,16
154,1618436268,1618436268193,33759483417,0.03856,2.0651,gemini,buy,2021-04-14T16:37:48,16
155,1618436250,1618436250315,33759444485,0.03855,0.999403,gemini,buy,2021-04-14T16:37:30,16
156,1618436250,1618436250106,33759443726,0.03855,0.003717,gemini,buy,2021-04-14T16:37:30,16
157,1618436250,1618436250106,33759443724,0.03854,2.0666,gemini,buy,2021-04-14T16:37:30,16
158,1618436235,1618436235311,33759413398,0.03854,1.344275,gemini,buy,2021-04-14T16:37:15,16
159,1618436230,1618436230839,33759401925,0.03854,2.070384,gemini,buy,2021-04-14T16:37:10,16
160,1618436230,1618436230839,33759401923,0.03853,2.070377,gemini,buy,2021-04-14T16:37:10,16
161,1618436230,1618436230536,33759401480,0.03854,2.070377,gemini,buy,2021-04-14T16:37:10,16
162,1618436230,1618436230536,33759401478,0.03853,2.070377,gemini,buy,2021-04-14T16:37:10,16
163,1618436229,1618436229979,33759400113,0.03854,2.0669,gemini,buy,2021-04-14T16:37:09,16
164,1618436229,1618436229979,33759400111,0.03854,2.073041,gemini,buy,2021-04-14T16:37:09,16
165,1618436117,1618436117945,33759136348,0.0384,3.05,gemini,sell,2021-04-14T16:35:17,16
166,1618436117,1618436117944,33759136342,0.0384,5.85,gemini,sell,2021-04-14T16:35:17,16
167,1618436073,1618436073472,33759039740,0.03838,2.082226,gemini,buy,2021-04-14T16:34:33,16
168,1618436073,1618436073472,33759039738,0.03837,2.082504,gemini,buy,2021-04-14T16:34:33,16
169,1618436073,1618436073472,33759039736,0.03836,2.082504,gemini,buy,2021-04-14T16:34:33,16
170,1618436069,1618436069978,33759031915,0.03838,0.845893,gemini,buy,2021-04-14T16:34:29,16
171,1618436069,1618436069978,33759031913,0.03837,0.221784,gemini,buy,2021-04-14T16:34:29,16
172,1618436069,1618436069978,33759031911,0.03836,1.008621,gemini,buy,2021-04-14T16:34:29,16
173,1618436069,1618436069421,33759030846,0.03836,1.0128,gemini,buy,2021-04-14T16:34:29,16
174,1618436066,1618436066968,33759025017,0.03836,0.061167,gemini,buy,2021-04-14T16:34:26,16
175,1618436065,1618436065774,33759021887,0.03837,1.86065,gemini,buy,2021-04-14T16:34:25,16
176,1618436065,1618436065774,33759021885,0.03836,2.082497,gemini,buy,2021-04-14T16:34:25,16
177,1618436060,1618436060164,33759010689,0.03836,1.50654,gemini,sell,2021-04-14T16:34:20,16
178,1618436060,1618436060153,33759010665,0.03836,2.082727,gemini,buy,2021-04-14T16:34:20,16
179,1618436038,1618436038434,33758964370,0.03836,0.208853,gemini,buy,2021-04-14T16:33:58,16
180,1618436038,1618436038434,33758964368,0.03835,1.398686,gemini,buy,2021-04-14T16:33:58,16
181,1618436037,1618436037878,33758963708,0.03835,0.684124,gemini,buy,2021-04-14T16:33:57,16
182,1618436032,1618436032613,33758954925,0.03835,2.082912,gemini,buy,2021-04-14T16:33:52,16
183,1618436032,1618436032310,33758953974,0.03835,2.082912,gemini,buy,2021-04-14T16:33:52,16
184,1618436031,1618436031751,33758952594,0.03835,2.082878,gemini,buy,2021-04-14T16:33:51,16
185,1618436028,1618436028830,33758947835,0.03836,0.128858,gemini,buy,2021-04-14T16:33:48,16
186,1618436028,1618436028830,33758947833,0.03835,2.083158,gemini,buy,2021-04-14T16:33:48,16
187,1618436028,1618436028830,33758947831,0.03834,2.083158,gemini,buy,2021-04-14T16:33:48,16
188,1618436016,1618436016631,33758924015,0.03834,1.692975,gemini,buy,2021-04-14T16:33:36,16
189,1618436006,1618436006506,33758902586,0.03835,0.061606,gemini,buy,2021-04-14T16:33:26,16
190,1618436006,1618436006506,33758902584,0.03834,2.084002,gemini,buy,2021-04-14T16:33:26,16
191,1618435952,1618435952016,33758798578,0.03832,0.008712,gemini,buy,2021-04-14T16:32:32,16
192,1618435950,1618435950124,33758795301,0.03832,0.760964,gemini,buy,2021-04-14T16:32:30,16
193,1618435934,1618435934900,33758765113,0.03829,0.347181,gemini,buy,2021-04-14T16:32:14,16
194,1618435934,1618435934498,33758764722,0.03829,1.782792,gemini,buy,2021-04-14T16:32:14,16
195,1618435933,1618435933922,33758764318,0.03829,0.304421,gemini,buy,2021-04-14T16:32:13,16
196,1618435932,1618435932634,33758762177,0.03828,2.087679,gemini,buy,2021-04-14T16:32:12,16
197,1618435887,1618435887643,33758684180,0.03825,0.142693,gemini,buy,2021-04-14T16:31:27,16
198,1618435877,1618435877443,33758662133,0.03821,0.80634,gemini,buy,2021-04-14T16:31:17,16
199,1618435868,1618435868068,33758643243,0.03819,0.643452,gemini,buy,2021-04-14T16:31:08,16
200,1618435868,1618435868068,33758643241,0.03819,0.634733,gemini,buy,2021-04-14T16:31:08,16
201,1618435798,1618435798834,33758568874,0.03831,3.602,gemini,buy,2021-04-14T16:29:58,16
202,1618435798,1618435798734,33758568813,0.03831,2.084675,gemini,buy,2021-04-14T16:29:58,16
203,1618435798,1618435798734,33758568811,0.03831,3.191,gemini,buy,2021-04-14T16:29:58,16
204,1618435798,1618435798432,33758568467,0.03831,0.906264,gemini,buy,2021-04-14T16:29:58,16
205,1618435797,1618435797854,33758568133,0.03831,0.910996,gemini,buy,2021-04-14T16:29:57,16
206,1618435789,1618435789973,33758561192,0.03831,0.26778,gemini,buy,2021-04-14T16:29:49,16
207,1618435789,1618435789973,33758561190,0.0383,0.604929,gemini,buy,2021-04-14T16:29:49,16
208,1618435784,1618435784191,33758556932,0.0383,1.480266,gemini,buy,2021-04-14T16:29:44,16
209,1618435775,1618435775208,33758550697,0.0383,2.086029,gemini,buy,2021-04-14T16:29:35,16
210,1618435673,1618435673244,33758401688,0.03825,1.378311,gemini,buy,2021-04-14T16:27:53,16
211,1618435595,1618435595011,33758277332,0.03821,0.5,gemini,buy,2021-04-14T16:26:35,16
212,1618435494,1618435494829,33758115089,0.03814,4.5,gemini,buy,2021-04-14T16:24:54,16
213,1618435397,1618435397573,33757966282,0.0381,0.274332,gemini,sell,2021-04-14T16:23:17,16
214,1618435397,1618435397573,33757966280,0.0381,0.000168,gemini,sell,2021-04-14T16:23:17,16
215,1618435397,1618435397562,33757966256,0.0381,0.317111,gemini,sell,2021-04-14T16:23:17,16
216,1618435397,1618435397562,33757966254,0.0381,0.000189,gemini,sell,2021-04-14T16:23:17,16
217,1618435397,1618435397552,33757966244,0.0381,0.515909,gemini,sell,2021-04-14T16:23:17,16
218,1618435397,1618435397552,33757966242,0.0381,0.000191,gemini,sell,2021-04-14T16:23:17,16
219,1618435397,1618435397541,33757966232,0.0381,0.416715,gemini,sell,2021-04-14T16:23:17,16
220,1618435397,1618435397541,33757966230,0.0381,8.5e-05,gemini,sell,2021-04-14T16:23:17,16
221,1618435397,1618435397540,33757966221,0.0381,0.6033,gemini,sell,2021-04-14T16:23:17,16
222,1618435338,1618435338474,33757868452,0.03805,0.448487,gemini,sell,2021-04-14T16:22:18,16
223,1618435338,1618435338474,33757868450,0.03805,2.101229,gemini,sell,2021-04-14T16:22:18,16
224,1618435338,1618435338474,33757868448,0.03805,0.038837,gemini,sell,2021-04-14T16:22:18,16
225,1618435338,1618435338474,33757868446,0.03805,0.001078,gemini,sell,2021-04-14T16:22:18,16
226,1618435338,1618435338474,33757868444,0.03805,0.053939,gemini,sell,2021-04-14T16:22:18,16
227,1618435338,1618435338474,33757868442,0.03805,7.345403,gemini,sell,2021-04-14T16:22:18,16
228,1618435302,1618435302715,33757803302,0.03805,0.101406,gemini,sell,2021-04-14T16:21:42,16
229,1618435259,1618435259440,33757722791,0.03803,0.91,gemini,sell,2021-04-14T16:20:59,16
230,1618435172,1618435172856,33757568866,0.03806,0.0656,gemini,sell,2021-04-14T16:19:32,16
231,1618435172,1618435172183,33757566365,0.03806,0.06594,gemini,sell,2021-04-14T16:19:32,16
232,1618435172,1618435172183,33757566363,0.03806,0.008128,gemini,sell,2021-04-14T16:19:32,16
233,1618435138,1618435138751,33757502144,0.03806,0.486155,gemini,sell,2021-04-14T16:18:58,16
234,1618435138,1618435138751,33757502142,0.03806,0.003845,gemini,sell,2021-04-14T16:18:58,16
235,1618435136,1618435136757,33757498029,0.03806,0.14743,gemini,sell,2021-04-14T16:18:56,16
236,1618435136,1618435136757,33757498027,0.03806,0.72257,gemini,sell,2021-04-14T16:18:56,16
237,1618435134,1618435134735,33757495419,0.03806,4e-06,gemini,sell,2021-04-14T16:18:54,16
238,1618435134,1618435134734,33757495413,0.03806,1.8156,gemini,sell,2021-04-14T16:18:54,16
239,1618435115,1618435115637,33757450256,0.03807,1.17038,gemini,sell,2021-04-14T16:18:35,16
240,1618435115,1618435115621,33757450182,0.03807,0.15,gemini,sell,2021-04-14T16:18:35,16
241,1618435112,1618435112005,33757441035,0.03807,0.012114,gemini,sell,2021-04-14T16:18:32,16
242,1618435112,1618435112005,33757441033,0.03807,0.007686,gemini,sell,2021-04-14T16:18:32,16
243,1618435111,1618435111013,33757439561,0.03807,0.28,gemini,sell,2021-04-14T16:18:31,16
244,1618435110,1618435110759,33757438778,0.03807,0.059658,gemini,sell,2021-04-14T16:18:30,16
245,1618435110,1618435110642,33757438062,0.03807,0.084149,gemini,sell,2021-04-14T16:18:30,16
246,1618435110,1618435110642,33757438060,0.03807,1.536703,gemini,sell,2021-04-14T16:18:30,16
247,1618435110,1618435110625,33757437976,0.03807,1.39,gemini,sell,2021-04-14T16:18:30,16
248,1618435105,1618435105137,33757425974,0.03807,3.59,gemini,sell,2021-04-14T16:18:25,16
249,1618435101,1618435101184,33757418792,0.03809,0.0066,gemini,sell,2021-04-14T16:18:21,16
250,1618435101,1618435101100,33757418590,0.03809,0.551868,gemini,sell,2021-04-14T16:18:21,16
251,1618435101,1618435101100,33757418588,0.03809,3.298132,gemini,sell,2021-04-14T16:18:21,16
252,1618435101,1618435101005,33757418471,0.03809,1.05,gemini,sell,2021-04-14T16:18:21,16
253,1618435089,1618435089894,33757400961,0.03809,2.92,gemini,sell,2021-04-14T16:18:09,16
254,1618435089,1618435089694,33757400337,0.03811,0.0023,gemini,sell,2021-04-14T16:18:09,16
255,1618435089,1618435089575,33757399620,0.03811,1.96,gemini,sell,2021-04-14T16:18:09,16
256,1618435089,1618435089499,33757399368,0.03811,2.120233,gemini,sell,2021-04-14T16:18:09,16
257,1618434882,1618434882270,33757050403,0.03814,0.02898,gemini,buy,2021-04-14T16:14:42,16
258,1618434882,1618434882270,33757050401,0.03814,0.00572,gemini,buy,2021-04-14T16:14:42,16
259,1618434503,1618434503272,33756489409,0.03808,0.5151,gemini,buy,2021-04-14T16:08:23,16
260,1618434503,1618434503272,33756489407,0.03808,0.4088,gemini,buy,2021-04-14T16:08:23,16
261,1618434503,1618434503272,33756489405,0.03808,0.4088,gemini,buy,2021-04-14T16:08:23,16
262,1618434204,1618434204784,33755916375,0.03794,0.032221,gemini,sell,2021-04-14T16:03:24,16
263,1618434203,1618434203695,33755914037,0.03798,0.006904,gemini,sell,2021-04-14T16:03:23,16
264,1618434090,1618434090721,33755704196,0.038,20.0,gemini,buy,2021-04-14T16:01:30,16
265,1618433939,1618433939361,33755346810,0.03797,4.49853,gemini,sell,2021-04-14T15:58:59,15
266,1618433939,1618433939361,33755346808,0.03798,0.00147,gemini,sell,2021-04-14T15:58:59,15
267,1618433502,1618433502017,33754344190,0.03789,9.737e-05,gemini,buy,2021-04-14T15:51:42,15
268,1618433497,1618433497846,33754335837,0.03789,0.4739,gemini,buy,2021-04-14T15:51:37,15
269,1618433481,1618433481374,33754294221,0.03786,6.55,gemini,buy,2021-04-14T15:51:21,15
270,1618433166,1618433166515,33753731144,0.03789,0.52600263,gemini,buy,2021-04-14T15:46:06,15
271,1618432956,1618432956054,33753296660,0.03779,0.08762741,gemini,buy,2021-04-14T15:42:36,15
272,1618432956,1618432956054,33753296658,0.03777,0.44,gemini,buy,2021-04-14T15:42:36,15
273,1618432397,1618432397982,33752395922,0.03775,0.21118119,gemini,buy,2021-04-14T15:33:17,15
274,1618432068,1618432068442,33751776127,0.03774,1.004091,gemini,buy,2021-04-14T15:27:48,15
275,1618431328,1618431328929,33750166420,0.03759,0.006769,gemini,sell,2021-04-14T15:15:28,15
276,1618431289,1618431289662,33750066208,0.0376,0.247613,gemini,buy,2021-04-14T15:14:49,15
277,1618430984,1618430984892,33749350888,0.0376,6.55,gemini,sell,2021-04-14T15:09:44,15
278,1618430960,1618430960945,33749286957,0.0376,0.05,gemini,buy,2021-04-14T15:09:20,15
279,1618430305,1618430305809,33747524137,0.0376,5.5e-05,gemini,sell,2021-04-14T14:58:25,14
280,1618430242,1618430242507,33747395177,0.0376,0.0017,gemini,sell,2021-04-14T14:57:22,14
281,1618430089,1618430089339,33746898189,0.03759,5.52,gemini,sell,2021-04-14T14:54:49,14
282,1618430089,1618430089339,33746898187,0.0376,0.23,gemini,sell,2021-04-14T14:54:49,14
283,1618430089,1618430089299,33746897840,0.0376,0.23,gemini,sell,2021-04-14T14:54:49,14
284,1618430089,1618430089238,33746897285,0.0376,0.23,gemini,sell,2021-04-14T14:54:49,14
285,1618430084,1618430084481,33746870148,0.0376,0.23,gemini,buy,2021-04-14T14:54:44,14
286,1618430083,1618430083950,33746865834,0.0376,2.14,gemini,sell,2021-04-14T14:54:43,14
287,1618430083,1618430083921,33746865625,0.0376,2.14,gemini,sell,2021-04-14T14:54:43,14
288,1618430083,1618430083873,33746865410,0.0376,2.36,gemini,sell,2021-04-14T14:54:43,14
289,1618430083,1618430083785,33746864399,0.0376,0.22,gemini,sell,2021-04-14T14:54:43,14
290,1618430083,1618430083752,33746864100,0.0376,2.14,gemini,sell,2021-04-14T14:54:43,14
291,1618430083,1618430083745,33746864028,0.0376,2.14,gemini,sell,2021-04-14T14:54:43,14
292,1618429356,1618429356008,33745194614,0.03762,0.03,gemini,sell,2021-04-14T14:42:36,14
293,1618429254,1618429254007,33744896198,0.03768,2.15833,gemini,buy,2021-04-14T14:40:54,14
294,1618428882,1618428882108,33743658337,0.0377,0.001191,gemini,buy,2021-04-14T14:34:42,14
295,1618428863,1618428863812,33743582347,0.03764,0.0471,gemini,sell,2021-04-14T14:34:23,14
296,1618428790,1618428790548,33743272242,0.03762,0.009632,gemini,buy,2021-04-14T14:33:10,14
297,1618428758,1618428758015,33743124238,0.03762,1.782895,gemini,buy,2021-04-14T14:32:38,14
298,1618428758,1618428758015,33743124236,0.03762,5e-06,gemini,buy,2021-04-14T14:32:38,14
299,1618428756,1618428756224,33743115157,0.03762,5.2783,gemini,buy,2021-04-14T14:32:36,14
300,1618428746,1618428746976,33743077442,0.03762,2.3548,gemini,buy,2021-04-14T14:32:26,14
301,1618428746,1618428746608,33743076140,0.0376,4e-05,gemini,buy,2021-04-14T14:32:26,14
302,1618428744,1618428744004,33743061391,0.0376,0.0052,gemini,buy,2021-04-14T14:32:24,14
303,1618428550,1618428550558,33742438328,0.03767,0.202462,gemini,buy,2021-04-14T14:29:10,14
304,1618428550,1618428550443,33742438107,0.03767,2.148763,gemini,buy,2021-04-14T14:29:10,14
305,1618428550,1618428550295,33742437548,0.03767,2.148775,gemini,buy,2021-04-14T14:29:10,14
306,1618428536,1618428536872,33742391711,0.03763,0.621845,gemini,sell,2021-04-14T14:28:56,14
307,1618428478,1618428478855,33742218226,0.03766,0.299563,gemini,buy,2021-04-14T14:27:58,14
308,1618428478,1618428478855,33742218224,0.03766,3.7e-05,gemini,buy,2021-04-14T14:27:58,14
309,1618428478,1618428478821,33742218161,0.03766,2.231883,gemini,buy,2021-04-14T14:27:58,14
310,1618428478,1618428478821,33742218159,0.03766,0.000117,gemini,buy,2021-04-14T14:27:58,14
311,1618428477,1618428477694,33742212634,0.03766,1.629883,gemini,buy,2021-04-14T14:27:57,14
312,1618428477,1618428477694,33742212632,0.03766,0.000117,gemini,buy,2021-04-14T14:27:57,14
313,1618428477,1618428477655,33742212413,0.03766,5.911382,gemini,buy,2021-04-14T14:27:57,14
314,1618428477,1618428477655,33742212411,0.03766,1.8e-05,gemini,buy,2021-04-14T14:27:57,14
315,1618428477,1618428477546,33742211837,0.03766,2.2807,gemini,buy,2021-04-14T14:27:57,14
316,1618428477,1618428477546,33742211831,0.03766,4.5,gemini,buy,2021-04-14T14:27:57,14
317,1618428407,1618428407611,33741961666,0.03765,1.297462,gemini,sell,2021-04-14T14:26:47,14
318,1618428406,1618428406592,33741957157,0.03765,1.720118,gemini,buy,2021-04-14T14:26:46,14
319,1618428406,1618428406564,33741957060,0.03765,0.587107,gemini,buy,2021-04-14T14:26:46,14
320,1618428406,1618428406564,33741957058,0.03765,1.558871,gemini,buy,2021-04-14T14:26:46,14
321,1618428406,1618428406463,33741956721,0.03765,2.145978,gemini,buy,2021-04-14T14:26:46,14
322,1618428277,1618428277876,33741540077,0.03764,2.143931,gemini,buy,2021-04-14T14:24:37,14
323,1618428277,1618428277836,33741539817,0.03764,2.144192,gemini,buy,2021-04-14T14:24:37,14
324,1618428270,1618428270625,33741512638,0.03764,1.329182,gemini,buy,2021-04-14T14:24:30,14
325,1618428252,1618428252174,33741452352,0.03764,2.118418,gemini,buy,2021-04-14T14:24:12,14
326,1618428252,1618428252174,33741452350,0.03764,0.021945,gemini,buy,2021-04-14T14:24:12,14
327,1618428204,1618428204607,33741316576,0.03762,0.06513,gemini,sell,2021-04-14T14:23:24,14
328,1618428080,1618428080213,33740955595,0.0376,0.01,gemini,sell,2021-04-14T14:21:20,14
329,1618427731,1618427731873,33739901144,0.03763,0.006749,gemini,buy,2021-04-14T14:15:31,14
330,1618427184,1618427184126,33738136100,0.03769,0.6609923,gemini,buy,2021-04-14T14:06:24,14
331,1618426698,1618426698279,33736446488,0.03765,0.05549,gemini,sell,2021-04-14T13:58:18,13
332,1618426523,1618426523033,33735840403,0.03758,0.0634,gemini,sell,2021-04-14T13:55:23,13
333,1618426231,1618426231381,33734999258,0.03757,1.61,gemini,sell,2021-04-14T13:50:31,13
334,1618426210,1618426210394,33734934887,0.03757,1.048041,gemini,sell,2021-04-14T13:50:10,13
335,1618426210,1618426210394,33734934885,0.03758,0.001959,gemini,sell,2021-04-14T13:50:10,13
336,1618426167,1618426167804,33734804403,0.03759,1e-06,gemini,sell,2021-04-14T13:49:27,13
337,1618426155,1618426155531,33734765562,0.03759,0.00353,gemini,sell,2021-04-14T13:49:15,13
338,1618425797,1618425797132,33733672083,0.03753,0.00907,gemini,sell,2021-04-14T13:43:17,13
339,1618425796,1618425796109,33733667996,0.03753,5.32,gemini,sell,2021-04-14T13:43:16,13
340,1618425776,1618425776221,33733605368,0.0375,0.25,gemini,buy,2021-04-14T13:42:56,13
341,1618424461,1618424461974,33729325446,0.03752,1.4e-05,gemini,sell,2021-04-14T13:21:01,13
342,1618424409,1618424409667,33729148995,0.03752,1.335,gemini,sell,2021-04-14T13:20:09,13
343,1618424377,1618424377252,33729049213,0.03752,7e-06,gemini,buy,2021-04-14T13:19:37,13
344,1618424266,1618424266089,33728669868,0.03752,0.00119,gemini,buy,2021-04-14T13:17:46,13
345,1618424091,1618424091627,33728042293,0.03744,0.23,gemini,sell,2021-04-14T13:14:51,13
346,1618424091,1618424091061,33728040035,0.03744,0.23,gemini,sell,2021-04-14T13:14:51,13
347,1618424091,1618424091055,33728040017,0.03744,0.23,gemini,sell,2021-04-14T13:14:51,13
348,1618423929,1618423929410,33727472292,0.03737,2.153223,gemini,buy,2021-04-14T13:12:09,13
349,1618423928,1618423928347,33727466518,0.03737,2.1545,gemini,sell,2021-04-14T13:12:08,13
350,1618423561,1618423561282,33725878674,0.03734,4e-06,gemini,buy,2021-04-14T13:06:01,13
351,1618423497,1618423497768,33725620175,0.03734,0.1149,gemini,buy,2021-04-14T13:04:57,13
352,1618423451,1618423451788,33725427255,0.03734,9e-05,gemini,sell,2021-04-14T13:04:11,13
353,1618423435,1618423435975,33725358977,0.03734,0.0784,gemini,sell,2021-04-14T13:03:55,13
354,1618423425,1618423425203,33725320122,0.03735,0.23,gemini,sell,2021-04-14T13:03:45,13
355,1618423425,1618423425191,33725320048,0.03735,0.23,gemini,sell,2021-04-14T13:03:45,13
356,1618423424,1618423424992,33725318491,0.03735,0.23,gemini,sell,2021-04-14T13:03:44,13
357,1618423424,1618423424983,33725318425,0.03735,0.23,gemini,sell,2021-04-14T13:03:44,13
358,1618423424,1618423424944,33725318134,0.03735,0.23,gemini,sell,2021-04-14T13:03:44,13
359,1618423404,1618423404615,33725228105,0.03736,4.5,gemini,sell,2021-04-14T13:03:24,13
360,1618423170,1618423170883,33724119562,0.03741,0.23,gemini,buy,2021-04-14T12:59:30,12
361,1618423170,1618423170883,33724119560,0.03741,5.69,gemini,buy,2021-04-14T12:59:30,12
362,1618423164,1618423164234,33724087410,0.03743,0.23,gemini,sell,2021-04-14T12:59:24,12
363,1618423164,1618423164234,33724087408,0.03743,2.22,gemini,sell,2021-04-14T12:59:24,12
364,1618423164,1618423164062,33724086530,0.03743,3.47,gemini,sell,2021-04-14T12:59:24,12
365,1618423163,1618423163546,33724084722,0.03743,0.23,gemini,sell,2021-04-14T12:59:23,12
366,1618423163,1618423163546,33724084720,0.03743,2.22,gemini,sell,2021-04-14T12:59:23,12
367,1618423163,1618423163500,33724084554,0.03744,3.5,gemini,buy,2021-04-14T12:59:23,12
368,1618423163,1618423163394,33724084331,0.03743,3.47,gemini,sell,2021-04-14T12:59:23,12
369,1618423162,1618423162583,33724081155,0.03744,4.5,gemini,buy,2021-04-14T12:59:22,12
370,1618423158,1618423158619,33724057511,0.03742,3.5,gemini,sell,2021-04-14T12:59:18,12
371,1618423158,1618423158595,33724057266,0.03742,4.5,gemini,sell,2021-04-14T12:59:18,12
372,1618423157,1618423157144,33724045103,0.03744,0.787,gemini,buy,2021-04-14T12:59:17,12
373,1618423156,1618423156987,33724043687,0.03743,2.245,gemini,buy,2021-04-14T12:59:16,12
374,1618422764,1618422764141,33722782852,0.03729,0.787,gemini,buy,2021-04-14T12:52:44,12
375,1618422651,1618422651953,33722423581,0.03726,4.14,gemini,sell,2021-04-14T12:50:51,12
376,1618422256,1618422256858,33720918787,0.0372,4.5,gemini,sell,2021-04-14T12:44:16,12
377,1618421944,1618421944003,33719597491,0.03736,2.07731183,gemini,buy,2021-04-14T12:39:04,12
378,1618421840,1618421840015,33719110690,0.03734,0.01801,gemini,sell,2021-04-14T12:37:20,12
379,1618421833,1618421833267,33719078138,0.03734,0.01348,gemini,sell,2021-04-14T12:37:13,12
380,1618421155,1618421155485,33716542994,0.03732,4.0,gemini,buy,2021-04-14T12:25:55,12
381,1618421129,1618421129094,33716446137,0.03732,1.0,gemini,sell,2021-04-14T12:25:29,12
382,1618419783,1618419783210,33713283603,0.03732,0.02488,gemini,sell,2021-04-14T12:03:03,12
383,1618419720,1618419720682,33713119054,0.03716,1.886121,gemini,sell,2021-04-14T12:02:00,12
384,1618419720,1618419720682,33713119052,0.03716,26.955911,gemini,sell,2021-04-14T12:02:00,12
385,1618419720,1618419720682,33713119050,0.03717,7.864,gemini,sell,2021-04-14T12:02:00,12
386,1618419720,1618419720682,33713119048,0.03723,3.656,gemini,sell,2021-04-14T12:02:00,12
387,1618419720,1618419720682,33713119046,0.03724,14.275,gemini,sell,2021-04-14T12:02:00,12
388,1618419720,1618419720682,33713119044,0.03725,0.001197,gemini,sell,2021-04-14T12:02:00,12
389,1618419720,1618419720682,33713119042,0.03726,0.787,gemini,sell,2021-04-14T12:02:00,12
390,1618419720,1618419720682,33713119040,0.03726,2.245,gemini,sell,2021-04-14T12:02:00,12
391,1618419720,1618419720682,33713119038,0.03727,4.221111,gemini,sell,2021-04-14T12:02:00,12
392,1618419720,1618419720682,33713119036,0.03728,4.222827,gemini,sell,2021-04-14T12:02:00,12
393,1618419720,1618419720682,33713119034,0.03729,4.222946,gemini,sell,2021-04-14T12:02:00,12
394,1618419720,1618419720682,33713119032,0.03729,5.71,gemini,sell,2021-04-14T12:02:00,12
395,1618419720,1618419720682,33713119030,0.0373,2.111414,gemini,sell,2021-04-14T12:02:00,12
396,1618419720,1618419720682,33713119028,0.03731,2.111473,gemini,sell,2021-04-14T12:02:00,12
397,1618419720,1618419720682,33713119026,0.03731,0.23,gemini,sell,2021-04-14T12:02:00,12
398,1618419720,1618419720682,33713119024,0.03732,4.5,gemini,sell,2021-04-14T12:02:00,12
399,1618419500,1618419500107,33712589448,0.03734,1.9703,gemini,sell,2021-04-14T11:58:20,11
400,1618419500,1618419500107,33712589446,0.03734,0.23,gemini,sell,2021-04-14T11:58:20,11
401,1618419500,1618419500107,33712589444,0.03734,4.5,gemini,sell,2021-04-14T11:58:20,11
402,1618419222,1618419222599,33711936694,0.03743,0.005984,gemini,sell,2021-04-14T11:53:42,11
403,1618419207,1618419207418,33711906962,0.03743,3.2,gemini,sell,2021-04-14T11:53:27,11
404,1618418943,1618418943901,33711245459,0.03743,1.9618,gemini,sell,2021-04-14T11:49:03,11
405,1618418943,1618418943901,33711245457,0.03743,0.23,gemini,sell,2021-04-14T11:49:03,11
406,1618418943,1618418943901,33711245455,0.03743,4.5,gemini,sell,2021-04-14T11:49:03,11
407,1618418817,1618418817851,33710852695,0.03739,4.27,gemini,sell,2021-04-14T11:46:57,11
408,1618418738,1618418738210,33710593124,0.03742,0.1354,gemini,sell,2021-04-14T11:45:38,11
409,1618418738,1618418738210,33710593122,0.03742,4.5,gemini,sell,2021-04-14T11:45:38,11
410,1618418720,1618418720397,33710553446,0.03742,1.856409,gemini,sell,2021-04-14T11:45:20,11
411,1618418720,1618418720397,33710553444,0.03742,5.71,gemini,sell,2021-04-14T11:45:20,11
412,1618418720,1618418720397,33710553442,0.03743,0.001191,gemini,sell,2021-04-14T11:45:20,11
413,1618418720,1618418720397,33710553440,0.03744,4.5,gemini,sell,2021-04-14T11:45:20,11
414,1618418720,1618418720397,33710553438,0.03744,0.23,gemini,sell,2021-04-14T11:45:20,11
415,1618418687,1618418687512,33710465939,0.03745,2.105225,gemini,sell,2021-04-14T11:44:47,11
416,1618418687,1618418687512,33710465937,0.03746,2.105634,gemini,sell,2021-04-14T11:44:47,11
417,1618418687,1618418687512,33710465935,0.03746,0.23,gemini,sell,2021-04-14T11:44:47,11
418,1618418687,1618418687512,33710465933,0.03746,4.5,gemini,sell,2021-04-14T11:44:47,11
419,1618418588,1618418588474,33710217369,0.03744,0.09329,gemini,sell,2021-04-14T11:43:08,11
420,1618418588,1618418588474,33710217367,0.03744,2.10681,gemini,sell,2021-04-14T11:43:08,11
421,1618418588,1618418588474,33710217365,0.03746,4.5,gemini,sell,2021-04-14T11:43:08,11
422,1618418566,1618418566089,33710166103,0.03749,2.0,gemini,buy,2021-04-14T11:42:46,11
423,1618418448,1618418448110,33709852924,0.03752,4.41,gemini,sell,2021-04-14T11:40:48,11
424,1618418400,1618418400105,33709745628,0.03755,0.2236,gemini,sell,2021-04-14T11:40:00,11
425,1618418400,1618418400105,33709745626,0.03755,0.09,gemini,sell,2021-04-14T11:40:00,11
426,1618418393,1618418393365,33709732730,0.03755,4.41,gemini,sell,2021-04-14T11:39:53,11
427,1618418360,1618418360459,33709665427,0.03757,4.1902,gemini,sell,2021-04-14T11:39:20,11
428,1618418359,1618418359687,33709662176,0.03761,0.72610825,gemini,buy,2021-04-14T11:39:19,11
429,1618418359,1618418359687,33709662174,0.0376,5.71,gemini,buy,2021-04-14T11:39:19,11
430,1618418359,1618418359687,33709662172,0.0376,2.098409,gemini,buy,2021-04-14T11:39:19,11
431,1618418359,1618418359687,33709662170,0.0376,0.23,gemini,buy,2021-04-14T11:39:19,11
432,1618418359,1618418359687,33709662168,0.0376,4.5,gemini,buy,2021-04-14T11:39:19,11
433,1618418358,1618418358713,33709657257,0.03758,0.2,gemini,sell,2021-04-14T11:39:18,11
434,1618418356,1618418356499,33709650010,0.03759,0.2,gemini,sell,2021-04-14T11:39:16,11
435,1618418356,1618418356471,33709649939,0.03759,0.16,gemini,sell,2021-04-14T11:39:16,11
436,1618418356,1618418356455,33709649892,0.03759,4.14,gemini,sell,2021-04-14T11:39:16,11
437,1618418355,1618418355695,33709647768,0.03763,1.02973218,gemini,buy,2021-04-14T11:39:15,11
438,1618418355,1618418355695,33709647766,0.03762,2.097473,gemini,buy,2021-04-14T11:39:15,11
439,1618418355,1618418355695,33709647764,0.03761,2.0954,gemini,buy,2021-04-14T11:39:15,11
440,1618418355,1618418355695,33709647762,0.03761,5.71,gemini,buy,2021-04-14T11:39:15,11
441,1618418355,1618418355695,33709647760,0.03761,0.23,gemini,buy,2021-04-14T11:39:15,11
442,1618418355,1618418355695,33709647758,0.03761,2.097473,gemini,buy,2021-04-14T11:39:15,11
443,1618418350,1618418350935,33709634149,0.03763,5.66162158,gemini,buy,2021-04-14T11:39:10,11
444,1618418350,1618418350935,33709634147,0.03763,3.16910335,gemini,buy,2021-04-14T11:39:10,11
445,1618418350,1618418350935,33709634145,0.03762,2.097633,gemini,buy,2021-04-14T11:39:10,11
446,1618418350,1618418350935,33709634143,0.03761,2.097633,gemini,buy,2021-04-14T11:39:10,11
447,1618418350,1618418350935,33709634141,0.0376,0.23,gemini,buy,2021-04-14T11:39:10,11
448,1618418349,1618418349406,33709630962,0.03759,4.5,gemini,sell,2021-04-14T11:39:09,11
449,1618418346,1618418346775,33709625523,0.03763,1.02585465,gemini,buy,2021-04-14T11:39:06,11
450,1618418346,1618418346775,33709625521,0.03763,5.71,gemini,buy,2021-04-14T11:39:06,11
451,1618418346,1618418346775,33709625519,0.03762,2.09811,gemini,buy,2021-04-14T11:39:06,11
452,1618418346,1618418346775,33709625517,0.03761,2.097479,gemini,buy,2021-04-14T11:39:06,11
453,1618418346,1618418346775,33709625515,0.03761,2.0956,gemini,buy,2021-04-14T11:39:06,11
454,1618418346,1618418346775,33709625513,0.03761,0.23,gemini,buy,2021-04-14T11:39:06,11
455,1618418337,1618418337875,33709596194,0.03763,2.53627933,gemini,buy,2021-04-14T11:38:57,11
456,1618418337,1618418337875,33709596192,0.03762,4.198392,gemini,buy,2021-04-14T11:38:57,11
457,1618418337,1618418337875,33709596190,0.03761,2.098928,gemini,buy,2021-04-14T11:38:57,11
458,1618418337,1618418337875,33709596188,0.0376,2.0971,gemini,buy,2021-04-14T11:38:57,11
459,1618418337,1618418337875,33709596186,0.0376,2.099196,gemini,buy,2021-04-14T11:38:57,11
460,1618418337,1618418337875,33709596184,0.0376,0.23,gemini,buy,2021-04-14T11:38:57,11
461,1618418333,1618418333430,33709587965,0.03763,4.33040543,gemini,buy,2021-04-14T11:38:53,11
462,1618418333,1618418333430,33709587963,0.03762,2.098928,gemini,buy,2021-04-14T11:38:53,11
463,1618418333,1618418333430,33709587961,0.03762,0.23,gemini,buy,2021-04-14T11:38:53,11
464,1618418333,1618418333430,33709587959,0.03761,4.5,gemini,buy,2021-04-14T11:38:53,11
465,1618418333,1618418333430,33709587957,0.03761,2.098928,gemini,buy,2021-04-14T11:38:53,11
466,1618418330,1618418330188,33709581118,0.03759,1.1229,gemini,sell,2021-04-14T11:38:50,11
467,1618418329,1618418329736,33709580336,0.03764,0.13269812,gemini,buy,2021-04-14T11:38:49,11
468,1618418329,1618418329736,33709580334,0.03763,4.197725,gemini,buy,2021-04-14T11:38:49,11
469,1618418329,1618418329736,33709580332,0.03762,2.099006,gemini,buy,2021-04-14T11:38:49,11
470,1618418329,1618418329736,33709580330,0.03762,0.23,gemini,buy,2021-04-14T11:38:49,11
471,1618418329,1618418329736,33709580328,0.03761,2.098797,gemini,buy,2021-04-14T11:38:49,11
472,1618418329,1618418329736,33709580326,0.03761,4.5,gemini,buy,2021-04-14T11:38:49,11
473,1618418326,1618418326451,33709573963,0.03763,2.91764974,gemini,buy,2021-04-14T11:38:46,11
474,1618418326,1618418326451,33709573961,0.03762,0.23,gemini,buy,2021-04-14T11:38:46,11
475,1618418326,1618418326451,33709573959,0.03762,1.41701627,gemini,buy,2021-04-14T11:38:46,11
476,1618418326,1618418326451,33709573957,0.03761,2.099028,gemini,buy,2021-04-14T11:38:46,11
477,1618418326,1618418326451,33709573955,0.03761,2.0955,gemini,buy,2021-04-14T11:38:46,11
478,1618418326,1618418326451,33709573953,0.03761,4.5,gemini,buy,2021-04-14T11:38:46,11
479,1618418323,1618418323255,33709567726,0.03762,0.68183173,gemini,buy,2021-04-14T11:38:43,11
480,1618418323,1618418323255,33709567724,0.03762,0.23,gemini,buy,2021-04-14T11:38:43,11
481,1618418323,1618418323255,33709567722,0.03762,4.5,gemini,buy,2021-04-14T11:38:43,11
482,1618418323,1618418323255,33709567720,0.0376,4.5,gemini,buy,2021-04-14T11:38:43,11
483,1618418323,1618418323255,33709567718,0.0376,3.35,gemini,buy,2021-04-14T11:38:43,11
484,1618418318,1618418318711,33709553232,0.03763,0.71931822,gemini,buy,2021-04-14T11:38:38,11
485,1618418318,1618418318711,33709553230,0.03762,2.098149,gemini,buy,2021-04-14T11:38:38,11
486,1618418318,1618418318711,33709553228,0.03762,5.71,gemini,buy,2021-04-14T11:38:38,11
487,1618418318,1618418318711,33709553226,0.03762,0.23,gemini,buy,2021-04-14T11:38:38,11
488,1618418318,1618418318711,33709553224,0.03762,4.5,gemini,buy,2021-04-14T11:38:38,11
489,1618418316,1618418316932,33709545626,0.03758,2.097466,gemini,sell,2021-04-14T11:38:36,11
490,1618418316,1618418316932,33709545624,0.03758,0.23,gemini,sell,2021-04-14T11:38:36,11
491,1618418316,1618418316932,33709545622,0.03758,3.4,gemini,sell,2021-04-14T11:38:36,11
492,1618418316,1618418316932,33709545620,0.03759,2.097438,gemini,sell,2021-04-14T11:38:36,11
493,1618418316,1618418316932,33709545618,0.03759,4.5,gemini,sell,2021-04-14T11:38:36,11
494,1618418314,1618418314553,33709542421,0.03765,0.20030073,gemini,buy,2021-04-14T11:38:34,11
495,1618418314,1618418314553,33709542419,0.03765,0.35,gemini,buy,2021-04-14T11:38:34,11
496,1618418314,1618418314553,33709542417,0.03764,5.71,gemini,buy,2021-04-14T11:38:34,11
497,1618418314,1618418314553,33709542415,0.03764,2.097466,gemini,buy,2021-04-14T11:38:34,11
498,1618418314,1618418314553,33709542413,0.03763,0.16525823,gemini,buy,2021-04-14T11:38:34,11
499,1618418314,1618418314553,33709542411,0.03762,0.23,gemini,buy,2021-04-14T11:38:34,11
